time,value
2024-07-29T05:13:00.958044029Z,0
2024-07-29T05:17:53.510565626Z,0
2024-07-29T05:28:01.970067898Z,0
2024-07-29T05:31:37.119849226Z,0
2024-07-29T05:31:38.140878808Z,12
2024-07-29T05:31:39.179939889Z,13
2024-07-29T05:31:40.189753999Z,12
2024-07-29T05:31:44.387761513Z,11
2024-07-29T05:31:45.420231686Z,12
2024-07-29T05:31:47.459872478Z,11
2024-07-29T05:31:48.3797721Z,16
2024-07-29T05:31:49.520643185Z,12
2024-07-29T05:31:50.52989793Z,17
2024-07-29T05:31:51.549789621Z,791
2024-07-29T05:31:52.674050247Z,42
2024-07-29T05:31:53.910177404Z,12
2024-07-29T05:31:54.719852437Z,16
2024-07-29T05:31:55.759936261Z,12
2024-07-29T05:31:57.800985672Z,17
2024-07-29T05:31:58.830248112Z,36
2024-07-29T05:31:59.839990912Z,791
2024-07-29T05:32:00.879952221Z,24
2024-07-29T05:32:01.899920181Z,21
2024-07-29T05:32:02.929842734Z,15
2024-07-29T05:32:03.970374928Z,35
2024-07-29T05:32:05.070180478Z,15
2024-07-29T05:32:06.200300451Z,57
2024-07-29T05:32:07.130179674Z,15
2024-07-29T05:32:08.149964019Z,66
2024-07-29T05:32:09.179847817Z,16
2024-07-29T05:32:10.189885385Z,56
2024-07-29T05:32:11.221256724Z,16
2024-07-29T05:32:12.240108422Z,28
2024-07-29T05:32:13.280000451Z,32
2024-07-29T05:32:15.420208549Z,31
2024-07-29T05:32:16.430175091Z,32
2024-07-29T05:32:17.359795203Z,31
2024-07-29T05:32:19.409793201Z,32
2024-07-29T05:32:20.539685176Z,31
2024-07-29T05:32:21.568250707Z,32
2024-07-29T05:32:23.610096877Z,792
2024-07-29T05:32:24.640728261Z,22
2024-07-29T05:32:26.679929496Z,20
2024-07-29T05:32:27.69992943Z,22
2024-07-29T05:32:29.859986152Z,21
2024-07-29T05:32:30.869913936Z,20
2024-07-29T05:32:32.929780299Z,21
2024-07-29T05:32:33.949853403Z,20
2024-07-29T05:32:34.979842367Z,21
2024-07-29T05:32:35.990219884Z,20
2024-07-29T05:32:39.070036046Z,19
2024-07-29T05:32:41.219987954Z,20
2024-07-29T05:32:42.140236996Z,22
2024-07-29T05:32:44.187160154Z,19
2024-07-29T05:32:45.220059494Z,20
2024-07-29T05:32:46.239889891Z,22
2024-07-29T05:32:47.369795117Z,19
2024-07-29T05:32:49.400112748Z,20
2024-07-29T05:32:50.339972041Z,19
2024-07-29T05:32:51.4599169Z,21
2024-07-29T05:32:52.490282951Z,18
2024-07-29T05:32:53.510241091Z,10
2024-07-29T05:32:54.529950823Z,9
2024-07-29T05:32:55.560083233Z,27
2024-07-29T05:32:56.580129635Z,29
2024-07-29T05:32:57.610141187Z,27
2024-07-29T05:33:00.679936296Z,26
2024-07-29T05:33:01.700138305Z,29
2024-07-29T05:33:02.729928934Z,15
2024-07-29T05:33:03.760325904Z,16
2024-07-29T05:33:05.805608678Z,28
2024-07-29T05:33:06.932064499Z,35
2024-07-29T05:33:07.952200204Z,36
2024-07-29T05:33:08.971316251Z,35
2024-07-29T05:33:11.022436595Z,36
2024-07-29T05:33:12.052894165Z,35
2024-07-29T05:33:13.185982899Z,48
2024-07-29T05:33:14.09110402Z,45
2024-07-29T05:33:15.119971236Z,48
2024-07-29T05:33:16.150758909Z,71
2024-07-29T05:33:17.172290054Z,46
2024-07-29T05:33:18.289914197Z,47
2024-07-29T05:33:20.343816845Z,45
2024-07-29T05:33:21.259886517Z,47
2024-07-29T05:33:22.388953327Z,27
2024-07-29T05:33:23.410894874Z,60
2024-07-29T05:33:24.439991722Z,59
2024-07-29T05:33:25.459868581Z,60
2024-07-29T05:33:26.479922334Z,59
2024-07-29T05:33:27.510127839Z,60
2024-07-29T05:33:28.529927008Z,27
2024-07-29T05:33:29.66208627Z,59
2024-07-29T05:33:30.679991877Z,61
2024-07-29T05:33:31.700033449Z,60
2024-07-29T05:33:33.759990105Z,61
2024-07-29T05:33:34.771314705Z,25
2024-07-29T05:33:35.800242616Z,28
2024-07-29T05:33:36.830111214Z,26
2024-07-29T05:33:37.850244873Z,63
2024-07-29T05:33:39.087138367Z,54
2024-07-29T05:33:40.12815831Z,24
2024-07-29T05:33:40.920264171Z,25
2024-07-29T05:33:42.04880879Z,37
2024-07-29T05:33:43.077930457Z,36
2024-07-29T05:33:44.009943887Z,29
2024-07-29T05:33:45.018184726Z,42
2024-07-29T05:33:46.140000616Z,28
2024-07-29T05:33:47.074069804Z,36
2024-07-29T05:33:48.180657364Z,29
2024-07-29T05:33:49.220138225Z,37
2024-07-29T05:33:50.23994499Z,38
2024-07-29T05:33:51.2600779Z,37
2024-07-29T05:33:52.289959886Z,32
2024-07-29T05:33:55.360022212Z,27
2024-07-29T05:33:56.379980188Z,25
2024-07-29T05:33:57.409927085Z,35
2024-07-29T05:33:59.561032911Z,26
2024-07-29T05:34:00.580434396Z,29
2024-07-29T05:34:01.610069882Z,26
2024-07-29T05:34:02.63010947Z,25
2024-07-29T05:34:03.6511693Z,33
2024-07-29T05:34:05.701452905Z,36
2024-07-29T05:34:06.73040074Z,27
2024-07-29T05:34:07.764449942Z,28
2024-07-29T05:34:08.770518952Z,34
2024-07-29T05:34:09.79990588Z,33
2024-07-29T05:34:10.82007419Z,25
2024-07-29T05:34:11.907263275Z,35
2024-07-29T05:34:12.870982258Z,26
2024-07-29T05:34:13.90012753Z,33
2024-07-29T05:34:15.019921997Z,31
2024-07-29T05:34:16.050011862Z,27
2024-07-29T05:34:17.070195153Z,26
2024-07-29T05:34:18.089992521Z,33
2024-07-29T05:34:19.110005642Z,32
2024-07-29T05:34:20.240011982Z,26
2024-07-29T05:34:21.170088833Z,31
2024-07-29T05:34:22.180216339Z,34
2024-07-29T05:34:23.219903326Z,35
2024-07-29T05:34:24.339982634Z,34
2024-07-29T05:34:26.290108082Z,28
2024-07-29T05:34:28.560189627Z,27
2024-07-29T05:34:28.561565728Z,24
2024-07-29T05:34:32.519827348Z,34
2024-07-29T05:34:33.550887884Z,31
2024-07-29T05:34:34.574887277Z,34
2024-07-29T05:34:36.629911211Z,33
2024-07-29T05:34:39.699742061Z,26
2024-07-29T05:34:41.749801657Z,28
2024-07-29T05:34:43.799882736Z,35
2024-07-29T05:34:46.916986061Z,34
2024-07-29T05:34:47.890094477Z,28
2024-07-29T05:34:49.019781441Z,34
2024-07-29T05:34:50.039942222Z,33
2024-07-29T05:34:51.069945001Z,35
2024-07-29T05:34:55.159819045Z,36
2024-07-29T05:34:57.210917582Z,35
2024-07-29T05:34:58.239774344Z,36
2024-07-29T05:34:59.260003047Z,39
2024-07-29T05:35:00.289912992Z,17
2024-07-29T05:35:01.317810143Z,16
2024-07-29T05:35:02.329784928Z,53
2024-07-29T05:35:03.349971291Z,42
2024-07-29T05:35:04.480841014Z,29
2024-07-29T05:35:05.499975245Z,35
2024-07-29T05:35:06.529823423Z,41
2024-07-29T05:35:07.556894683Z,42
2024-07-29T05:35:08.680421138Z,43
2024-07-29T05:35:09.589937442Z,41
2024-07-29T05:35:11.649908227Z,28
2024-07-29T05:35:12.670067192Z,42
2024-07-29T05:35:13.700326863Z,41
2024-07-29T05:35:14.720097183Z,42
2024-07-29T05:35:15.740599323Z,28
2024-07-29T05:35:16.769792638Z,26
2024-07-29T05:35:17.88975285Z,25
2024-07-29T05:35:18.820032472Z,26
2024-07-29T05:35:19.93988593Z,29
2024-07-29T05:35:21.989888566Z,28
2024-07-29T05:35:23.020078274Z,42
2024-07-29T05:36:22.200150799Z,42
2024-07-29T05:36:27.120324837Z,32
2024-07-29T05:36:37.260403945Z,42
2024-07-29T05:36:42.27067485Z,43
2024-07-29T05:36:47.400208458Z,47
2024-07-29T05:36:52.310433966Z,52
2024-07-29T05:37:55.067205888Z,52
2024-07-29T05:37:56.107346719Z,37
2024-07-29T05:37:57.12709585Z,29
2024-07-29T05:37:58.147143592Z,44
2024-07-29T05:37:59.277745008Z,42
2024-07-29T05:38:01.326975363Z,44
2024-07-29T05:38:03.385223945Z,45
2024-07-29T05:38:04.397210982Z,54
2024-07-29T05:38:05.416976173Z,44
2024-07-29T05:38:06.437437618Z,35
2024-07-29T05:38:07.467079572Z,54
2024-07-29T05:38:08.487531699Z,36
2024-07-29T05:38:09.625079995Z,54
2024-07-29T05:38:10.537089693Z,56
2024-07-29T05:38:13.817204055Z,55
2024-07-29T05:38:17.80717265Z,44
2024-07-29T05:38:18.837308648Z,36
2024-07-29T05:38:19.857262258Z,53
2024-07-29T05:38:20.875820175Z,36
2024-07-29T05:38:21.907631289Z,34
2024-07-29T05:38:22.927321289Z,55
2024-07-29T05:38:46.890322278Z,55
2024-07-29T05:38:48.020862433Z,31
2024-07-29T05:38:48.940779716Z,35
2024-07-29T05:38:49.970149212Z,28
2024-07-29T05:38:50.990174112Z,35
2024-07-29T05:38:52.010787625Z,29
2024-07-29T05:38:53.140576683Z,35
2024-07-29T05:38:54.160531129Z,27
2024-07-29T05:38:55.190612635Z,17
2024-07-29T05:38:56.210395383Z,19
2024-07-29T05:38:57.240561536Z,15
2024-07-29T05:38:58.260751867Z,16
2024-07-29T05:38:59.280450052Z,15
2024-07-29T05:39:00.310312104Z,16
2024-07-29T05:39:04.420272848Z,24
2024-07-29T05:39:05.430139801Z,26
2024-07-29T05:39:06.440228254Z,15
2024-07-29T05:39:09.630314698Z,28
2024-07-29T05:39:10.650106309Z,15
2024-07-29T05:39:11.68341826Z,31
2024-07-29T05:39:12.700250344Z,52
2024-07-29T05:39:13.830450935Z,16
2024-07-29T05:39:14.740362831Z,30
2024-07-29T05:39:15.770087532Z,4
2024-07-29T05:39:16.790601334Z,55
2024-07-29T05:39:17.817194277Z,15
2024-07-29T05:39:18.840351212Z,16
2024-07-29T05:39:21.911305226Z,17
2024-07-29T05:39:22.940615913Z,15
2024-07-29T05:39:23.978288631Z,16
2024-07-29T05:39:24.990686051Z,17
2024-07-29T05:39:27.030082018Z,26
2024-07-29T05:39:28.160789172Z,30
2024-07-29T05:39:29.190089534Z,28
2024-07-29T05:39:30.11116041Z,29
2024-07-29T05:39:32.260318536Z,38
2024-07-29T05:39:33.280165321Z,27
2024-07-29T05:39:34.310255828Z,22
2024-07-29T05:39:37.380516929Z,32
2024-07-29T05:39:38.400348231Z,35
2024-07-29T05:39:39.420230415Z,55
2024-07-29T05:39:40.459240047Z,54
2024-07-29T05:39:41.470467145Z,57
2024-07-29T05:39:43.520223455Z,19
2024-07-29T05:39:44.650230419Z,21
2024-07-29T05:39:45.670203982Z,22
2024-07-29T05:39:46.700198746Z,26
2024-07-29T05:39:47.72016012Z,29
2024-07-29T05:39:48.740103493Z,25
2024-07-29T05:39:49.769964521Z,26
2024-07-29T05:39:50.790857187Z,28
2024-07-29T05:39:51.922770219Z,26
2024-07-29T05:39:52.830150175Z,27
2024-07-29T05:39:53.860572437Z,26
2024-07-29T05:39:54.890513013Z,24
2024-07-29T05:39:55.910442596Z,29
2024-07-29T05:39:56.92020083Z,47
2024-07-29T05:39:58.060242814Z,24
2024-07-29T05:39:59.084382452Z,29
2024-07-29T05:40:00.110341692Z,38
2024-07-29T05:40:01.130363108Z,49
2024-07-29T05:40:02.160952903Z,43
2024-07-29T05:40:03.290308275Z,24
2024-07-29T05:40:04.210960856Z,36
2024-07-29T05:40:05.328080485Z,49
2024-07-29T05:40:06.267443813Z,11
2024-07-29T05:40:07.280472391Z,15
2024-07-29T05:40:09.330269455Z,9
2024-07-29T05:40:10.450307087Z,11
2024-07-29T05:40:11.380222489Z,12
2024-07-29T05:40:12.40057669Z,10
2024-07-29T05:40:13.530227733Z,12
2024-07-29T05:40:14.447405102Z,16
2024-07-29T05:40:15.570500873Z,791
2024-07-29T05:40:16.600384763Z,55
2024-07-29T05:40:17.720649416Z,791
2024-07-29T05:40:22.021061811Z,792
2024-07-29T05:40:22.870278102Z,87
2024-07-29T05:40:25.197190229Z,55
2024-07-29T05:40:26.12037153Z,77
2024-07-29T05:40:27.251726762Z,76
2024-07-29T05:40:28.180162489Z,55
2024-07-29T05:40:29.400732432Z,791
2024-07-29T05:40:30.320735716Z,41
2024-07-29T05:40:31.450402058Z,791
2024-07-29T05:40:33.600643439Z,792
2024-07-29T05:40:34.517263207Z,57
2024-07-29T05:40:35.650305201Z,791
2024-07-29T05:40:36.900680471Z,56
2024-07-29T05:40:37.790403204Z,791
2024-07-29T05:40:38.81024605Z,56
2024-07-29T05:40:39.840361833Z,791
2024-07-29T05:40:40.860514462Z,55
2024-07-29T05:40:43.010125364Z,791
2024-07-29T05:40:45.260506963Z,792
2024-07-29T05:40:46.190450399Z,55
2024-07-29T05:40:47.210108652Z,791
2024-07-29T05:40:49.470334999Z,792
2024-07-29T05:40:50.490459072Z,791
2024-07-29T05:40:52.740082545Z,792
2024-07-29T05:40:53.660192913Z,791
2024-07-29T05:40:56.950521626Z,15
2024-07-29T05:40:57.970282436Z,13
2024-07-29T05:40:59.000265737Z,12
2024-07-29T05:41:00.020405813Z,13
2024-07-29T05:41:02.070290824Z,15
2024-07-29T05:41:04.122293432Z,13
2024-07-29T05:41:07.180247543Z,12
2024-07-29T05:41:08.211026189Z,15
2024-07-29T05:41:09.230193473Z,49
2024-07-29T05:41:10.360473555Z,791
2024-07-29T05:41:11.380400573Z,55
2024-07-29T05:41:12.410286151Z,791
2024-07-29T05:41:14.560495304Z,792
2024-07-29T05:41:15.570186393Z,51
2024-07-29T05:41:16.710587021Z,791
2024-07-29T05:41:18.861645323Z,792
2024-07-29T05:41:19.880329575Z,791
2024-07-29T05:41:22.030674107Z,59
2024-07-29T05:41:23.06033483Z,791
2024-07-29T05:41:25.210569174Z,57
2024-07-29T05:41:26.33004297Z,791
2024-07-29T05:41:28.481431207Z,792
2024-07-29T05:41:29.510999901Z,791
2024-07-29T05:41:31.660377958Z,792
2024-07-29T05:41:32.66998813Z,791
2024-07-29T05:41:33.810202636Z,792
2024-07-29T05:41:34.830694071Z,15
2024-07-29T05:41:35.960062387Z,791
2024-07-29T05:41:38.211488281Z,55
2024-07-29T05:41:39.120245331Z,791
2024-07-29T05:41:41.380372515Z,792
2024-07-29T05:41:42.310137819Z,791
2024-07-29T05:41:44.454423447Z,792
2024-07-29T05:41:45.58034611Z,791
2024-07-29T05:41:46.61026914Z,16
2024-07-29T05:41:47.730486072Z,791
2024-07-29T05:41:49.780558333Z,792
2024-07-29T05:41:50.910457798Z,791
2024-07-29T05:41:53.060404051Z,792
2024-07-29T05:41:54.090439781Z,55
2024-07-29T05:41:55.110382877Z,791
2024-07-29T05:41:57.250322381Z,792
2024-07-29T05:41:58.487499596Z,791
2024-07-29T05:41:59.395208242Z,47
2024-07-29T05:42:00.727502848Z,791
2024-07-29T05:42:01.560789686Z,48
2024-07-29T05:42:03.628210664Z,46
2024-07-29T05:42:04.6242524Z,55
2024-07-29T05:42:06.667813228Z,42
2024-07-29T05:42:07.81023472Z,791
2024-07-29T05:42:08.717176443Z,35
2024-07-29T05:42:09.84423726Z,791
2024-07-29T05:42:10.880266553Z,18
2024-07-29T05:42:11.900358072Z,9
2024-07-29T05:42:13.950267794Z,7
2024-07-29T05:42:14.970280581Z,9
2024-07-29T05:42:16.100639921Z,791
2024-07-29T05:42:18.150290145Z,8
2024-07-29T05:42:20.300187145Z,9
2024-07-29T05:42:21.320600204Z,8
2024-07-29T05:42:25.410273279Z,36
2024-07-29T05:42:26.440487273Z,37
2024-07-29T05:42:27.450341766Z,791
2024-07-29T05:42:28.490782363Z,37
2024-07-29T05:42:29.510342837Z,36
2024-07-29T05:42:30.64033562Z,791
2024-07-29T05:42:32.7908885Z,792
2024-07-29T05:42:33.820400852Z,35
2024-07-29T05:42:35.860635767Z,36
2024-07-29T05:42:36.880726336Z,35
2024-07-29T05:42:39.030887982Z,792
2024-07-29T05:42:40.060231815Z,791
2024-07-29T05:42:41.082553581Z,37
2024-07-29T05:42:42.110293267Z,35
2024-07-29T05:42:43.130888564Z,36
2024-07-29T05:42:44.260629479Z,35
2024-07-29T05:42:45.290386114Z,791
2024-07-29T05:42:46.31594678Z,42
2024-07-29T05:42:47.417796043Z,791
2024-07-29T05:42:49.577256024Z,792
2024-07-29T05:42:50.610186987Z,791
2024-07-29T05:42:52.760186543Z,792
2024-07-29T05:42:53.990215462Z,791
2024-07-29T05:42:54.910473962Z,37
2024-07-29T05:42:56.040228753Z,791
2024-07-29T05:42:58.191232666Z,35
2024-07-29T05:43:00.130620509Z,792
2024-07-29T05:43:01.260240204Z,791
2024-07-29T05:43:03.410335182Z,67
2024-07-29T05:43:04.430355642Z,25
2024-07-29T05:43:05.450439Z,40
2024-07-29T05:43:06.510786235Z,60
2024-07-29T05:43:07.490614382Z,48
2024-07-29T05:43:08.630721985Z,47
2024-07-29T05:43:09.551089997Z,46
2024-07-29T05:43:10.71041405Z,791
2024-07-29T05:43:12.834236456Z,792
2024-07-29T05:43:13.850742984Z,55
2024-07-29T05:43:14.900240376Z,49
2024-07-29T05:43:15.91028306Z,16
2024-07-29T05:43:16.928445616Z,791
2024-07-29T05:43:19.070320728Z,792
2024-07-29T05:43:20.100254122Z,31
2024-07-29T05:43:21.158753467Z,30
2024-07-29T05:43:22.25023078Z,16
2024-07-29T05:43:23.270131457Z,18
2024-07-29T05:43:24.291211521Z,32
2024-07-29T05:43:25.321794741Z,24
2024-07-29T05:43:26.340493995Z,56
2024-07-29T05:43:27.370425091Z,15
2024-07-29T05:43:28.498262966Z,16
2024-07-29T05:43:30.440869174Z,56
2024-07-29T05:43:31.460630847Z,70
2024-07-29T05:43:32.490264021Z,72
2024-07-29T05:43:33.600348115Z,75
2024-07-29T05:43:34.540395726Z,62
2024-07-29T05:43:35.660620957Z,58
2024-07-29T05:43:36.690162994Z,55
2024-07-29T05:43:37.800556948Z,42
2024-07-29T05:43:38.740219393Z,422
2024-07-29T05:43:39.760883766Z,791
2024-07-29T05:43:42.010177934Z,792
2024-07-29T05:43:43.040141453Z,791
2024-07-29T05:43:44.060630278Z,81
2024-07-29T05:43:45.290473078Z,791
2024-07-29T05:43:46.210249563Z,55
2024-07-29T05:43:47.230163869Z,4
2024-07-29T05:43:48.250273349Z,17
2024-07-29T05:43:49.28038852Z,40
2024-07-29T05:43:50.400418814Z,53
2024-07-29T05:43:51.320625123Z,17
2024-07-29T05:43:52.360287306Z,49
2024-07-29T05:43:53.380978898Z,27
2024-07-29T05:43:54.40011948Z,53
2024-07-29T05:43:55.43438407Z,35
2024-07-29T05:43:56.45822468Z,22
2024-07-29T05:43:57.580566156Z,45
2024-07-29T05:43:58.60037372Z,18
2024-07-29T05:43:59.620254123Z,5
2024-07-29T05:44:00.650584368Z,6
2024-07-29T05:44:01.670340604Z,11
2024-07-29T05:44:02.708197934Z,3
2024-07-29T05:44:03.721225164Z,10
2024-07-29T05:44:04.750359066Z,6
2024-07-29T05:44:05.770324951Z,4
2024-07-29T05:44:06.902300044Z,26
2024-07-29T05:44:07.820491199Z,59
2024-07-29T05:44:08.840198294Z,48
2024-07-29T05:44:14.06918459Z,91
2024-07-29T05:44:15.090575188Z,49
2024-07-29T05:44:16.2100524Z,48
2024-07-29T05:44:17.130406273Z,53
2024-07-29T05:44:18.160650585Z,51
2024-07-29T05:44:19.190160949Z,29
2024-07-29T05:44:20.21066127Z,26
2024-07-29T05:44:22.25017587Z,25
2024-07-29T05:44:23.310280689Z,26
2024-07-29T05:44:27.370449366Z,28
2024-07-29T05:44:28.508478548Z,26
2024-07-29T05:44:29.630903145Z,28
2024-07-29T05:44:30.512367399Z,25
2024-07-29T05:44:32.690194073Z,29
2024-07-29T05:44:33.620474965Z,27
2024-07-29T05:44:34.650377196Z,29
2024-07-29T05:44:35.678260376Z,53
2024-07-29T05:44:36.900302985Z,55
2024-07-29T05:44:37.720213684Z,57
2024-07-29T05:44:38.750142514Z,46
2024-07-29T05:44:39.810140197Z,47
2024-07-29T05:44:40.790546357Z,55
2024-07-29T05:44:41.820124007Z,46
2024-07-29T05:44:48.061226623Z,35
2024-07-29T05:44:49.190665075Z,29
2024-07-29T05:44:50.110054398Z,28
2024-07-29T05:44:51.130580425Z,29
2024-07-29T05:44:52.15152342Z,27
2024-07-29T05:44:55.270169246Z,26
2024-07-29T05:44:57.280108259Z,53
2024-07-29T05:44:58.300190559Z,48
2024-07-29T05:45:00.450178484Z,49
2024-07-29T05:45:01.468143821Z,48
2024-07-29T05:45:02.490171052Z,55
2024-07-29T05:45:03.530138426Z,50
2024-07-29T05:45:04.550120233Z,54
2024-07-29T05:45:05.561751944Z,51
2024-07-29T05:45:06.590374767Z,54
2024-07-29T05:45:07.720050211Z,55
2024-07-29T05:45:08.640069473Z,52
2024-07-29T05:45:09.671963473Z,53
2024-07-29T05:45:10.79136846Z,50
2024-07-29T05:45:11.720269346Z,55
2024-07-29T05:45:12.740583255Z,54
2024-07-29T05:45:13.850256473Z,55
2024-07-29T05:45:15.910579122Z,54
2024-07-29T05:45:17.950272709Z,137
2024-07-29T05:45:18.990372277Z,53
2024-07-29T05:45:20.110057063Z,55
2024-07-29T05:45:21.030099836Z,53
2024-07-29T05:45:22.060476071Z,58
2024-07-29T05:45:23.080293756Z,62
2024-07-29T05:45:24.310451019Z,17
2024-07-29T05:45:25.230088895Z,27
2024-07-29T05:45:26.259870017Z,36
2024-07-29T05:45:27.28022442Z,39
2024-07-29T05:45:28.357225463Z,38
2024-07-29T05:45:29.801330082Z,29
2024-07-29T05:45:30.15026672Z,55
2024-07-29T05:45:31.397408751Z,36
2024-07-29T05:45:33.410410706Z,49
2024-07-29T05:45:34.434371828Z,51
2024-07-29T05:45:35.465237706Z,50
2024-07-29T05:45:38.640246409Z,55
2024-07-29T05:45:41.720606761Z,792
2024-07-29T05:45:42.850422596Z,50
2024-07-29T05:45:44.784232492Z,48
2024-07-29T05:45:45.92021396Z,47
2024-07-29T05:45:46.940288543Z,48
2024-07-29T05:45:47.97021456Z,49
2024-07-29T05:45:48.980424282Z,23
2024-07-29T05:45:51.040163022Z,19
2024-07-29T05:45:52.06065004Z,18
2024-07-29T05:45:53.090164527Z,21
2024-07-29T05:45:54.110405511Z,28
2024-07-29T05:45:55.130219979Z,26
2024-07-29T05:45:57.211092528Z,28
2024-07-29T05:45:58.201348198Z,48
2024-07-29T05:45:59.330320512Z,791
2024-07-29T05:46:00.360268362Z,790
2024-07-29T05:46:01.470180258Z,42
2024-07-29T05:46:03.53032007Z,43
2024-07-29T05:46:04.540209284Z,46
2024-07-29T05:46:07.730297807Z,43
2024-07-29T05:46:07.732315738Z,42
2024-07-29T05:46:08.737113245Z,43
2024-07-29T05:46:10.800315559Z,42
2024-07-29T05:46:11.720243087Z,55
2024-07-29T05:46:12.73717042Z,42
2024-07-29T05:46:13.770297579Z,43
2024-07-29T05:46:14.790165839Z,42
2024-07-29T05:46:16.950298523Z,43
2024-07-29T05:46:17.970768059Z,49
2024-07-29T05:46:19.200526296Z,29
2024-07-29T05:46:23.140481335Z,37
2024-07-29T05:46:24.110339699Z,35
2024-07-29T05:46:25.140753697Z,50
2024-07-29T05:46:26.158380312Z,12
2024-07-29T05:46:28.200230498Z,17
2024-07-29T05:46:29.226762725Z,45
2024-07-29T05:46:30.250636888Z,19
2024-07-29T05:46:31.274498949Z,33
2024-07-29T05:46:32.50154321Z,32
2024-07-29T05:46:33.507308043Z,29
2024-07-29T05:46:34.571292512Z,35
2024-07-29T05:46:36.614409804Z,792
2024-07-29T05:46:37.519529104Z,15
2024-07-29T05:46:38.723921468Z,791
2024-07-29T05:46:40.864378266Z,792
2024-07-29T05:46:41.820468458Z,791
2024-07-29T05:46:43.059942201Z,8
2024-07-29T05:46:44.046271584Z,7
2024-07-29T05:46:46.959459774Z,9
2024-07-29T05:46:49.257372597Z,7
2024-07-29T05:46:52.159751706Z,6
2024-07-29T05:46:53.180135088Z,8
2024-07-29T05:46:54.451368749Z,6
2024-07-29T05:46:55.259689648Z,7
2024-07-29T05:46:56.46226763Z,791
2024-07-29T05:46:58.513612355Z,16
2024-07-29T05:46:59.432242185Z,5
2024-07-29T05:47:00.460167877Z,16
2024-07-29T05:47:01.491004195Z,5
2024-07-29T05:47:02.510296672Z,7
2024-07-29T05:47:06.610627908Z,6
2024-07-29T05:47:09.780412413Z,7
2024-07-29T05:47:10.699998618Z,6
2024-07-29T05:47:11.830278557Z,16
2024-07-29T05:47:12.847553272Z,791
2024-07-29T05:47:14.022352958Z,22
2024-07-29T05:47:14.889955449Z,9
2024-07-29T05:47:16.031348959Z,791
2024-07-29T05:47:17.050292609Z,7
2024-07-29T05:47:19.100435809Z,9
2024-07-29T05:47:20.120233882Z,7
2024-07-29T05:47:23.290155257Z,8
2024-07-29T05:47:24.220224167Z,9
2024-07-29T05:47:25.34828564Z,791
2024-07-29T05:47:26.37079357Z,7
2024-07-29T05:47:27.500204594Z,791
2024-07-29T05:47:29.550449206Z,8
2024-07-29T05:47:30.520792099Z,791
2024-07-29T05:47:32.73039068Z,8
2024-07-29T05:47:33.740317789Z,791
2024-07-29T05:47:35.890194311Z,792
2024-07-29T05:47:37.015360547Z,791
2024-07-29T05:47:39.160617839Z,792
2024-07-29T05:47:41.324213321Z,8
2024-07-29T05:47:44.597080502Z,792
2024-07-29T05:47:45.227570971Z,791
2024-07-29T05:47:46.640281855Z,792
2024-07-29T05:47:47.670535313Z,791
2024-07-29T05:47:50.830114309Z,792
2024-07-29T05:47:51.970887647Z,791
2024-07-29T05:47:52.997250404Z,22
2024-07-29T05:47:54.020240185Z,7
2024-07-29T05:47:55.040223911Z,791
2024-07-29T05:47:57.190135902Z,792
2024-07-29T05:47:58.320359884Z,791
2024-07-29T05:47:59.340387399Z,9
2024-07-29T05:48:00.370253895Z,7
2024-07-29T05:48:01.390413376Z,8
2024-07-29T05:48:02.410436786Z,9
2024-07-29T05:48:03.440383955Z,7
2024-07-29T05:48:05.590140237Z,792
2024-07-29T05:48:06.620460066Z,4
2024-07-29T05:48:07.640652731Z,791
2024-07-29T05:48:09.89027027Z,792
2024-07-29T05:48:10.81034168Z,791
2024-07-29T05:48:11.931077787Z,22
2024-07-29T05:48:12.960399309Z,791
2024-07-29T05:48:16.240107169Z,792
2024-07-29T05:48:17.670253131Z,7
2024-07-29T05:48:17.987150881Z,9
2024-07-29T05:48:19.31037658Z,6
2024-07-29T05:48:20.330130669Z,10
2024-07-29T05:48:21.560351951Z,7
2024-07-29T05:48:22.380271034Z,9
2024-07-29T05:48:23.530265778Z,791
2024-07-29T05:48:24.530061786Z,9
2024-07-29T05:48:25.590303696Z,6
2024-07-29T05:48:26.690310174Z,9
2024-07-29T05:48:27.747203721Z,4
2024-07-29T05:48:28.630405183Z,5
2024-07-29T05:48:30.680404559Z,23
2024-07-29T05:48:31.700314451Z,5
2024-07-29T05:48:32.829292658Z,791
2024-07-29T05:48:34.032260476Z,6
2024-07-29T05:48:34.900438368Z,7
2024-07-29T05:48:37.947139999Z,16
2024-07-29T05:48:38.970155372Z,4
2024-07-29T05:48:40.000267424Z,791
2024-07-29T05:48:41.020359743Z,4
2024-07-29T05:48:42.150309718Z,791
2024-07-29T05:48:43.160405903Z,7
2024-07-29T05:48:44.200204005Z,6
2024-07-29T05:48:47.360304156Z,791
2024-07-29T05:48:48.379251921Z,16
2024-07-29T05:48:49.420287602Z,9
2024-07-29T05:48:50.430297351Z,7
2024-07-29T05:48:51.57023744Z,8
2024-07-29T05:48:52.807080985Z,10
2024-07-29T05:48:53.217470241Z,5
2024-07-29T05:48:54.530491011Z,8
2024-07-29T05:48:55.560355053Z,7
2024-07-29T05:48:56.690762593Z,9
2024-07-29T05:48:57.60035148Z,6
2024-07-29T05:48:58.632103624Z,7
2024-07-29T05:48:59.760391498Z,791
2024-07-29T05:49:00.784350171Z,5
2024-07-29T05:49:01.810097555Z,8
2024-07-29T05:49:02.830118617Z,10
2024-07-29T05:49:04.880274704Z,9
2024-07-29T05:49:05.900138027Z,16
2024-07-29T05:49:06.922694313Z,791
2024-07-29T05:49:10.210048401Z,16
2024-07-29T05:49:12.247679607Z,55
2024-07-29T05:49:13.270350856Z,6
2024-07-29T05:49:14.300274123Z,7
2024-07-29T05:49:15.32987525Z,5
2024-07-29T05:49:16.350138119Z,7
2024-07-29T05:49:17.370159454Z,9
2024-07-29T05:49:18.49819324Z,791
2024-07-29T05:49:19.53007993Z,7
2024-07-29T05:49:20.544196884Z,6
2024-07-29T05:49:22.59838444Z,7
2024-07-29T05:49:23.650516171Z,5
2024-07-29T05:49:24.742139208Z,6
2024-07-29T05:49:25.789078535Z,16
2024-07-29T05:49:27.736160715Z,7
2024-07-29T05:49:28.843367283Z,5
2024-07-29T05:49:29.855245012Z,8
2024-07-29T05:49:34.016367445Z,11
2024-07-29T05:49:34.984197283Z,8
2024-07-29T05:49:36.010038516Z,7
2024-07-29T05:49:37.027173Z,5
2024-07-29T05:49:38.060346703Z,791
2024-07-29T05:49:40.207237961Z,792
2024-07-29T05:49:41.230085922Z,15
2024-07-29T05:49:42.247326631Z,7
2024-07-29T05:49:43.379997921Z,791
2024-07-29T05:49:44.410155432Z,8
2024-07-29T05:49:46.57722455Z,9
2024-07-29T05:49:47.480156573Z,791
2024-07-29T05:49:49.630114321Z,792
2024-07-29T05:49:50.760191764Z,791
2024-07-29T05:49:52.910300854Z,792
2024-07-29T05:49:54.030119839Z,791
2024-07-29T05:49:56.180432157Z,792
2024-07-29T05:49:57.210225892Z,791
2024-07-29T05:49:59.260226838Z,6
2024-07-29T05:50:00.480429377Z,7
2024-07-29T05:50:03.450008533Z,15
2024-07-29T05:50:05.500038696Z,792
2024-07-29T05:50:06.620984719Z,791
2024-07-29T05:50:07.640077661Z,40
2024-07-29T05:50:08.687684951Z,791
2024-07-29T05:50:09.700088877Z,7
2024-07-29T05:50:10.920083487Z,791
2024-07-29T05:50:12.860332665Z,23
2024-07-29T05:50:13.900030173Z,26
2024-07-29T05:50:14.920416918Z,22
2024-07-29T05:50:16.050250369Z,21
2024-07-29T05:50:17.070282096Z,22
2024-07-29T05:50:18.10007117Z,23
2024-07-29T05:50:20.150048637Z,24
2024-07-29T05:50:21.170073058Z,8
2024-07-29T05:50:22.19024352Z,25
2024-07-29T05:50:23.220164481Z,23
2024-07-29T05:50:24.24027574Z,8
2024-07-29T05:50:26.290415233Z,26
2024-07-29T05:50:28.346437529Z,24
2024-07-29T05:50:30.380531371Z,23
2024-07-29T05:50:31.510098054Z,24
2024-07-29T05:50:32.530426344Z,23
2024-07-29T05:50:33.574292403Z,26
2024-07-29T05:50:34.680108826Z,23
2024-07-29T05:50:35.610181328Z,791
2024-07-29T05:50:36.637521761Z,24
2024-07-29T05:50:37.660544861Z,26
2024-07-29T05:50:38.680184932Z,24
2024-07-29T05:50:39.810068778Z,23
2024-07-29T05:50:40.930839296Z,16
2024-07-29T05:50:41.750473255Z,24
2024-07-29T05:50:42.880096665Z,16
2024-07-29T05:50:44.92036364Z,23
2024-07-29T05:50:45.9504826Z,25
2024-07-29T05:50:46.964086091Z,24
2024-07-29T05:50:48.000164651Z,23
2024-07-29T05:50:49.120533974Z,791
2024-07-29T05:50:50.140467783Z,25
2024-07-29T05:50:52.200381866Z,23
2024-07-29T05:50:53.220267274Z,6
2024-07-29T05:50:55.270277065Z,7
2024-07-29T05:50:56.280217758Z,5
2024-07-29T05:50:57.310101445Z,8
2024-07-29T05:50:58.440231937Z,10
2024-07-29T05:50:59.360164541Z,16
2024-07-29T05:51:00.390603044Z,5
2024-07-29T05:51:01.510234729Z,791
2024-07-29T05:51:02.549982447Z,8
2024-07-29T05:51:03.570504521Z,17
2024-07-29T05:51:04.590302409Z,791
2024-07-29T05:51:05.807019324Z,8
2024-07-29T05:51:06.629867755Z,5
2024-07-29T05:51:07.760313355Z,8
2024-07-29T05:51:08.790366644Z,791
2024-07-29T05:51:10.930216363Z,8
2024-07-29T05:51:13.08455844Z,7
2024-07-29T05:51:14.01035476Z,8
2024-07-29T05:51:17.180837968Z,16
2024-07-29T05:51:18.200103897Z,10
2024-07-29T05:51:19.130074203Z,8
2024-07-29T05:51:20.150068287Z,6
2024-07-29T05:51:21.281159943Z,791
2024-07-29T05:51:22.410198444Z,16
2024-07-29T05:51:25.370092163Z,10
2024-07-29T05:51:26.400358329Z,791
2024-07-29T05:51:27.41726035Z,8
2024-07-29T05:51:28.450215307Z,16
2024-07-29T05:51:29.467292294Z,18
2024-07-29T05:51:30.500772262Z,7
2024-07-29T05:51:31.620223299Z,8
2024-07-29T05:51:32.650093187Z,16
2024-07-29T05:51:36.740151481Z,8
2024-07-29T05:51:37.761351228Z,15
2024-07-29T05:51:38.800120604Z,7
2024-07-29T05:51:39.81018171Z,8
2024-07-29T05:51:40.840804267Z,7
2024-07-29T05:51:41.860249694Z,5
2024-07-29T05:51:42.880291772Z,8
2024-07-29T05:51:44.010292201Z,7
2024-07-29T05:51:44.930162743Z,5
2024-07-29T05:51:48.011069139Z,10
2024-07-29T05:51:49.13018609Z,9
2024-07-29T05:51:50.05000365Z,16
2024-07-29T05:51:52.200153102Z,9
2024-07-29T05:51:53.330413217Z,7
2024-07-29T05:51:54.35039866Z,5
2024-07-29T05:51:55.270144353Z,8
2024-07-29T05:51:57.408323727Z,5
2024-07-29T05:51:58.350255592Z,17
2024-07-29T05:51:59.371031262Z,8
2024-07-29T05:52:00.500367315Z,17
2024-07-29T05:52:01.420131599Z,7
2024-07-29T05:52:02.440138263Z,6
2024-07-29T05:52:03.470151528Z,7
2024-07-29T05:52:04.49031081Z,9
2024-07-29T05:52:05.619914771Z,7
2024-07-29T05:52:07.560059185Z,9
2024-07-29T05:52:08.690142434Z,8
2024-07-29T05:52:10.73120731Z,7
2024-07-29T05:52:11.787326715Z,9
2024-07-29T05:52:12.780073149Z,7
2024-07-29T05:52:13.810010806Z,6
2024-07-29T05:52:14.820174958Z,8
2024-07-29T05:52:16.958100939Z,7
2024-07-29T05:52:17.899989886Z,8
2024-07-29T05:52:19.950329902Z,7
2024-07-29T05:52:20.980225876Z,5
2024-07-29T05:52:22.200089081Z,6
2024-07-29T05:52:23.020087163Z,7
2024-07-29T05:52:25.06009647Z,6
2024-07-29T05:52:27.120180718Z,7
2024-07-29T05:52:28.249905695Z,9
2024-07-29T05:52:30.290101149Z,5
2024-07-29T05:52:31.319980098Z,7
2024-07-29T05:52:32.45015274Z,8
2024-07-29T05:52:33.370187058Z,9
2024-07-29T05:52:34.390020145Z,8
2024-07-29T05:52:35.420013053Z,7
2024-07-29T05:52:36.440136124Z,6
2024-07-29T05:52:38.500194546Z,7
2024-07-29T05:52:39.51801362Z,9
2024-07-29T05:52:41.560248917Z,7
2024-07-29T05:52:42.690011008Z,9
2024-07-29T05:52:46.780186291Z,17
2024-07-29T05:52:47.910072358Z,7
2024-07-29T05:52:48.729984492Z,6
2024-07-29T05:52:49.849900523Z,9
2024-07-29T05:52:50.869925256Z,7
2024-07-29T05:52:51.901263484Z,10
2024-07-29T05:52:52.910114801Z,8
2024-07-29T05:52:53.950060835Z,7
2024-07-29T05:53:00.190061321Z,6
2024-07-29T05:53:01.120053054Z,43
2024-07-29T05:53:02.140164682Z,19
2024-07-29T05:53:03.170155206Z,3
2024-07-29T05:53:04.190446733Z,17
2024-07-29T05:53:05.21002475Z,6
2024-07-29T05:53:08.390137714Z,5
2024-07-29T05:53:09.410114393Z,15
2024-07-29T05:53:10.440113689Z,36
2024-07-29T05:53:11.459990242Z,9
2024-07-29T05:53:12.480192526Z,12
2024-07-29T05:53:13.510080653Z,10
2024-07-29T05:53:14.520975598Z,11
2024-07-29T05:53:15.560707375Z,9
2024-07-29T05:53:17.600103982Z,10
2024-07-29T05:53:18.630220382Z,12
2024-07-29T05:53:19.650087036Z,9
2024-07-29T05:53:21.80000952Z,11
2024-07-29T05:53:22.710100036Z,10
2024-07-29T05:53:23.750113538Z,11
2024-07-29T05:53:24.770117462Z,9
2024-07-29T05:53:26.920180643Z,10
2024-07-29T05:53:27.950126547Z,24
2024-07-29T05:53:28.960447519Z,22
2024-07-29T05:53:29.993107645Z,23
2024-07-29T05:53:31.11987176Z,26
2024-07-29T05:53:32.030333426Z,22
2024-07-29T05:53:33.069936246Z,21
2024-07-29T05:53:34.209899682Z,791
2024-07-29T05:53:35.20996279Z,22
2024-07-29T05:53:37.259987864Z,21
2024-07-29T05:53:42.390034129Z,23
2024-07-29T05:53:43.410352939Z,22
2024-07-29T05:53:44.440483754Z,21
2024-07-29T05:53:45.46007132Z,22
2024-07-29T05:53:46.480221438Z,9
2024-07-29T05:53:48.530149297Z,10
2024-07-29T05:53:49.550237257Z,9
2024-07-29T05:53:51.600132097Z,7
2024-07-29T05:53:52.72008797Z,9
2024-07-29T05:53:55.919135132Z,8
2024-07-29T05:53:57.170019925Z,9
2024-07-29T05:53:57.540099901Z,10
2024-07-29T05:53:58.869830611Z,9
2024-07-29T05:53:59.93724873Z,8
2024-07-29T05:54:00.910196501Z,7
2024-07-29T05:54:02.970031726Z,6
2024-07-29T05:54:04.008122331Z,9
2024-07-29T05:54:05.020106493Z,5
2024-07-29T05:54:06.040181017Z,8
2024-07-29T05:54:07.170367475Z,5
2024-07-29T05:54:08.200289974Z,791
2024-07-29T05:54:10.240288943Z,9
2024-07-29T05:54:13.309865123Z,7
2024-07-29T05:54:14.340166917Z,9
2024-07-29T05:54:15.460243904Z,10
2024-07-29T05:54:16.490113716Z,9
2024-07-29T05:54:19.560354443Z,8
2024-07-29T05:54:20.580120634Z,9
2024-07-29T05:54:22.63032162Z,8
2024-07-29T05:54:24.680022401Z,10
2024-07-29T05:54:25.700184561Z,8
2024-07-29T05:54:27.740027495Z,9
2024-07-29T05:54:28.770107427Z,10
2024-07-29T05:54:29.900260592Z,9
2024-07-29T05:54:33.890422Z,8
2024-07-29T05:54:37.070040791Z,10
2024-07-29T05:54:38.127241045Z,9
2024-07-29T05:54:40.14017863Z,8
2024-07-29T05:54:41.160067372Z,791
2024-07-29T05:54:42.190062187Z,8
2024-07-29T05:54:43.310269071Z,791
2024-07-29T05:54:44.330384509Z,10
2024-07-29T05:54:45.360323495Z,9
2024-07-29T05:54:47.400212322Z,29
2024-07-29T05:54:48.431248999Z,791
2024-07-29T05:54:51.809869988Z,792
2024-07-29T05:54:52.730086223Z,8
2024-07-29T05:54:53.760040774Z,9
2024-07-29T05:54:54.780150431Z,7
2024-07-29T05:54:55.799980812Z,10
2024-07-29T05:54:57.850300306Z,9
