,Index,Timestamp,X_Acce,Y_Acce,Z_Acce
0,1,2024-09-05 12:04:59,0.0,0.0,0.0
1,2,2024-09-05 12:04:59,0.0010223388671875,-0.0112457275390625,-1.00018310546875
2,3,2024-09-05 12:05:00,0.0008087158203125,-0.011077880859375,-0.9988861083984375
3,4,2024-09-05 12:05:01,-0.0276947021484375,0.123443603515625,-1.1475372314453125
4,5,2024-09-05 12:05:02,-0.4723358154296875,-0.384857177734375,-0.3189849853515625
5,6,2024-09-05 12:05:04,0.4402008056640625,-0.4171600341796875,-1.0217742919921875
6,7,2024-09-05 12:05:05,-0.408905029296875,-0.39312744140625,-1.093231201171875
7,8,2024-09-05 12:05:06,0.986053466796875,-0.0221405029296875,-1.2942657470703125
8,9,2024-09-05 12:05:07,0.0589447021484375,-0.4110565185546875,-0.002777099609375
9,10,2024-09-05 12:05:08,-0.87103271484375,-0.7485198974609375,0.6617279052734375
10,11,2024-09-05 12:05:09,-0.915374755859375,-0.696380615234375,0.7052764892578125
11,12,2024-09-05 12:05:10,-0.4289398193359375,-0.678955078125,0.1495208740234375
12,13,2024-09-05 12:05:11,-0.521484375,-0.6270599365234375,0.018798828125
13,14,2024-09-05 12:05:12,-1.0545501708984375,-0.405914306640625,0.5091094970703125
14,15,2024-09-05 12:05:13,0.30450439453125,-0.94744873046875,-0.19647216796875
15,16,2024-09-05 12:05:14,0.670989990234375,-0.4426116943359375,-0.9024200439453125
16,17,2024-09-05 12:05:15,0.0108184814453125,-0.6625518798828125,0.0478668212890625
17,18,2024-09-05 12:05:16,-0.95806884765625,-0.6191253662109375,0.6197357177734375
18,19,2024-09-05 12:05:17,-1.1009368896484375,-0.6417083740234375,0.6233673095703125
19,20,2024-09-05 12:05:18,-0.1211395263671875,-0.6820068359375,-0.040435791015625
20,21,2024-09-05 12:05:19,0.14306640625,-0.94293212890625,-0.259552001953125
21,22,2024-09-05 12:05:20,0.5842437744140625,-1.047576904296875,-0.39007568359375
22,23,2024-09-05 12:05:21,-0.3120269775390625,-0.8629150390625,-0.11016845703125
23,24,2024-09-05 12:05:22,-0.62945556640625,-0.717254638671875,-0.035400390625
24,25,2024-09-05 12:05:23,0.1287994384765625,-1.067596435546875,-0.228240966796875
25,26,2024-09-05 12:05:24,-0.967193603515625,-0.4384765625,0.1766357421875
26,27,2024-09-05 12:05:25,0.4581146240234375,-1.0552825927734375,-0.3385467529296875
27,28,2024-09-05 12:05:26,-0.8015289306640625,-0.56884765625,0.0816192626953125
28,29,2024-09-05 12:05:27,-0.3908233642578125,-0.8616790771484375,0.0514068603515625
29,30,2024-09-05 12:05:28,-0.294342041015625,-0.8274078369140625,-0.09222412109375
30,31,2024-09-05 12:05:29,-0.860198974609375,-0.6005401611328125,0.294677734375
31,32,2024-09-05 12:05:30,-0.3543548583984375,-0.835174560546875,-0.109771728515625
32,33,2024-09-05 12:05:31,-0.281707763671875,-0.901885986328125,-0.01068115234375
33,34,2024-09-05 12:05:32,-0.8692169189453125,-0.5531158447265625,0.1136627197265625
34,35,2024-09-05 12:05:34,-0.0091400146484375,-1.0724334716796875,-0.1890869140625
35,36,2024-09-05 12:05:35,-0.9133453369140625,-0.5187835693359375,0.09552001953125
36,37,2024-09-05 12:05:36,-0.429656982421875,-0.827362060546875,-0.0206298828125
37,38,2024-09-05 12:05:37,0.0253143310546875,-0.9616851806640625,-0.0670166015625
38,39,2024-09-05 12:05:38,-0.84429931640625,-0.62518310546875,0.0435943603515625
39,40,2024-09-05 12:05:39,-0.0091400146484375,-0.9886932373046875,-0.1207427978515625
40,41,2024-09-05 12:05:40,-0.55126953125,-0.7791595458984375,0.025146484375
41,42,2024-09-05 12:05:41,-0.560791015625,-0.815765380859375,0.002471923828125
42,43,2024-09-05 12:05:42,0.08319091796875,-1.0235595703125,-0.1664886474609375
43,44,2024-09-05 12:05:43,-0.8596038818359375,-0.6513519287109375,0.3737335205078125
44,45,2024-09-05 12:05:44,-0.2484283447265625,-0.9462432861328125,-0.1407623291015625
45,46,2024-09-05 12:05:45,0.1565093994140625,-1.0980377197265625,-0.1427001953125
46,47,2024-09-05 12:05:46,-0.2643585205078125,-0.901153564453125,0.0410308837890625
47,48,2024-09-05 12:05:47,-0.8930816650390625,-0.4885101318359375,0.418121337890625
48,49,2024-09-05 12:05:48,-1.1059112548828125,-0.509002685546875,0.3841094970703125
49,50,2024-09-05 12:05:49,-0.6417388916015625,-0.582489013671875,0.25299072265625
50,51,2024-09-05 12:05:50,0.159027099609375,-1.0477142333984375,-0.1561737060546875
51,52,2024-09-05 12:05:51,0.0139923095703125,-0.9737548828125,-0.14727783203125
52,53,2024-09-05 12:05:52,-0.87408447265625,-0.4663238525390625,0.2230224609375
53,54,2024-09-05 12:05:53,0.0565948486328125,-0.9117584228515625,-0.0952301025390625
54,55,2024-09-05 12:05:55,-0.4769744873046875,-0.620849609375,0.0871124267578125
55,56,2024-09-05 12:05:56,0.2002716064453125,-0.7645263671875,0.088836669921875
56,57,2024-09-05 12:05:58,-1.0104827880859375,-0.95758056640625,-0.1701507568359375
57,58,2024-09-05 12:05:59,-1.069549560546875,-0.5322265625,-0.0050506591796875
58,59,2024-09-05 12:06:01,-0.64520263671875,-0.6996002197265625,0.0796051025390625
59,60,2024-09-05 12:06:02,-0.8870697021484375,-0.768096923828125,-0.0079803466796875
60,61,2024-09-05 12:06:03,-0.8641357421875,-0.6459808349609375,0.296234130859375
61,62,2024-09-05 12:06:04,-0.938934326171875,-0.6732635498046875,0.049468994140625
62,63,2024-09-05 12:06:05,-0.77911376953125,-0.63134765625,0.060455322265625
63,64,2024-09-05 12:06:07,-0.8348388671875,-0.6800537109375,0.0486907958984375
64,65,2024-09-05 12:06:08,-0.851470947265625,-0.67364501953125,0.1154632568359375
65,66,2024-09-05 12:06:10,-0.758453369140625,-0.6871490478515625,0.1557769775390625
66,67,2024-09-05 12:06:12,-0.952117919921875,-0.52288818359375,0.1701812744140625
67,68,2024-09-05 12:06:13,-0.8361053466796875,-0.5673980712890625,-0.111968994140625
68,69,2024-09-05 12:06:14,-0.7269439697265625,-0.6775665283203125,-0.1235809326171875
69,70,2024-09-05 12:06:15,-0.6470794677734375,-0.749603271484375,0.05010986328125
70,71,2024-09-05 12:06:16,-0.804901123046875,-0.6186370849609375,0.144561767578125
71,72,2024-09-05 12:06:17,-0.1234283447265625,-0.9299774169921875,-0.1618194580078125
72,73,2024-09-05 12:06:19,-1.100860595703125,-0.3587493896484375,0.11962890625
73,74,2024-09-05 12:06:20,-1.0185394287109375,-0.3590545654296875,0.05712890625
74,75,2024-09-05 12:06:21,0.5478668212890625,-0.2825469970703125,-1.2460479736328125
75,76,2024-09-05 12:06:22,0.21380615234375,0.077117919921875,-0.98291015625
76,77,2024-09-05 12:06:24,0.32635498046875,-0.321929931640625,-0.88494873046875
77,78,2024-09-05 12:06:25,0.306488037109375,-0.335113525390625,-0.8894805908203125
78,79,2024-09-05 12:06:26,-0.9641571044921875,-0.470306396484375,0.6273193359375
79,80,2024-09-05 12:06:27,-0.5050811767578125,-0.7942657470703125,0.037109375
80,81,2024-09-05 12:06:28,-0.2508544921875,-0.88946533203125,-0.0957794189453125
81,82,2024-09-05 12:06:29,-0.08795166015625,-0.962127685546875,-0.2066802978515625
82,83,2024-09-05 12:06:30,-0.04779052734375,-0.971923828125,-0.2164764404296875
83,84,2024-09-05 12:06:31,-0.476715087890625,-0.8159332275390625,0.06292724609375
84,85,2024-09-05 12:06:32,0.07177734375,-1.034393310546875,-0.1420745849609375
85,86,2024-09-05 12:06:33,-0.6016082763671875,-0.782012939453125,0.182373046875
86,87,2024-09-05 12:06:34,-0.492401123046875,-0.7760009765625,0.0274658203125
87,88,2024-09-05 12:06:35,0.006011962890625,-0.9808807373046875,-0.15386962890625
88,89,2024-09-05 12:06:36,-0.6707000732421875,-0.7603759765625,0.212554931640625
89,90,2024-09-05 12:06:37,-0.8443450927734375,-0.647979736328125,0.2771453857421875
90,91,2024-09-05 12:06:38,0.171142578125,-0.96240234375,-0.1704559326171875
91,92,2024-09-05 12:06:39,-0.690887451171875,-0.816925048828125,0.1080780029296875
92,93,2024-09-05 12:06:40,-0.5480194091796875,-0.7924346923828125,0.05670166015625
93,94,2024-09-05 12:06:41,0.1956024169921875,-0.99359130859375,-0.215118408203125
94,95,2024-09-05 12:06:42,-0.9116058349609375,-0.6660308837890625,0.306671142578125
95,96,2024-09-05 12:06:43,0.031646728515625,-0.9463958740234375,-0.2667694091796875
96,97,2024-09-05 12:06:44,-0.9133758544921875,-0.6656951904296875,0.249603271484375
97,98,2024-09-05 12:06:45,-0.3063812255859375,-0.884674072265625,-0.21221923828125
98,99,2024-09-05 12:06:46,0.196563720703125,-0.9630889892578125,-0.278961181640625
99,100,2024-09-05 12:06:47,0.0134124755859375,-0.9904632568359375,-0.18963623046875
100,101,2024-09-05 12:06:48,-0.619873046875,-0.74163818359375,-0.0098114013671875
101,102,2024-09-05 12:06:49,-0.941741943359375,-0.3586883544921875,0.0875396728515625
102,103,2024-09-05 12:06:50,0.3656768798828125,-0.977081298828125,-0.4213409423828125
103,104,2024-09-05 12:06:51,0.1482391357421875,-0.9776763916015625,-0.28045654296875
104,105,2024-09-05 12:06:52,-0.9096527099609375,-0.39874267578125,0.0377044677734375
105,106,2024-09-05 12:06:53,0.4619293212890625,-0.940093994140625,-0.611541748046875
106,107,2024-09-05 12:06:55,-0.3435516357421875,-0.839019775390625,-0.252227783203125
107,108,2024-09-05 12:06:56,-0.6172943115234375,-0.76904296875,-0.0075531005859375
108,109,2024-09-05 12:06:57,-0.2726593017578125,-0.9032135009765625,-0.237335205078125
109,110,2024-09-05 12:06:58,0.3260650634765625,-0.909393310546875,-0.2091217041015625
110,111,2024-09-05 12:06:59,-0.2753753662109375,-0.896026611328125,-0.05120849609375
111,112,2024-09-05 12:07:00,-0.43890380859375,-0.963897705078125,-0.1182098388671875
112,113,2024-09-05 12:07:01,0.0239410400390625,-0.9958343505859375,-0.22894287109375
113,114,2024-09-05 12:07:02,-0.0731048583984375,-0.972442626953125,-0.2800750732421875
114,115,2024-09-05 12:07:03,0.1476898193359375,-1.0004119873046875,-0.3187255859375
115,116,2024-09-05 12:07:04,-0.1583404541015625,-0.9551544189453125,-0.243865966796875
116,117,2024-09-05 12:07:05,-0.7434539794921875,-0.725311279296875,-0.0508270263671875
117,118,2024-09-05 12:07:06,-0.3172149658203125,-0.9420318603515625,-0.15435791015625
118,119,2024-09-05 12:07:07,0.088897705078125,-1.03643798828125,-0.0619354248046875
119,120,2024-09-05 12:07:08,-0.7722015380859375,-0.654144287109375,-0.12548828125
120,121,2024-09-05 12:07:09,-0.3626708984375,-0.80859375,-0.334442138671875
121,122,2024-09-05 12:07:10,0.817718505859375,-0.8220977783203125,-0.259063720703125
122,123,2024-09-05 12:07:11,-0.4460906982421875,-0.75555419921875,-0.23602294921875
123,124,2024-09-05 12:07:12,-0.3836517333984375,-0.8481903076171875,-0.107391357421875
124,125,2024-09-05 12:07:13,0.2694244384765625,-0.9637908935546875,-0.0609130859375
125,126,2024-09-05 12:07:14,-0.692230224609375,-0.7024383544921875,0.001312255859375
126,127,2024-09-05 12:07:15,0.5005950927734375,-1.0556488037109375,-0.018768310546875
127,128,2024-09-05 12:07:16,-0.6728363037109375,-0.727447509765625,0.014190673828125
128,129,2024-09-05 12:07:17,0.212738037109375,-1.04229736328125,-0.003173828125
129,130,2024-09-05 12:07:18,-0.6788177490234375,-0.7203369140625,-0.0912017822265625
130,131,2024-09-05 12:07:19,-0.3042144775390625,-0.9610595703125,-0.075714111328125
131,132,2024-09-05 12:07:20,-0.0998992919921875,-0.9318695068359375,-0.1463165283203125
132,133,2024-09-05 12:07:21,-0.7115325927734375,-0.638641357421875,-0.2374725341796875
133,134,2024-09-05 12:07:22,0.1620941162109375,-0.9990692138671875,-0.13555908203125
134,135,2024-09-05 12:07:23,-0.20147705078125,-0.954498291015625,-0.1285400390625
135,136,2024-09-05 12:07:24,-0.2963714599609375,-0.9210357666015625,-0.160736083984375
136,137,2024-09-05 12:07:25,0.10614013671875,-0.96551513671875,-0.3189697265625
137,138,2024-09-05 12:07:26,-0.83404541015625,-0.9812164306640625,-0.466583251953125
138,139,2024-09-05 12:07:27,0.0014801025390625,-0.5713043212890625,-0.1337432861328125
139,140,2024-09-05 12:07:28,0.197174072265625,-0.969329833984375,-0.21453857421875
140,141,2024-09-05 12:07:29,0.5964508056640625,-0.7936248779296875,-0.5396881103515625
141,142,2024-09-05 12:07:30,-0.4696502685546875,-0.1808624267578125,-0.7619171142578125
142,143,2024-09-05 12:07:32,0.253204345703125,-0.81585693359375,-0.4567108154296875
143,144,2024-09-05 12:07:34,-0.30389404296875,-0.8432159423828125,-0.3940887451171875
144,145,2024-09-05 12:07:36,0.0778961181640625,-0.8561248779296875,-0.4774017333984375
145,146,2024-09-05 12:07:37,0.13848876953125,-0.8551177978515625,-0.4570159912109375
146,147,2024-09-05 12:07:39,0.021575927734375,-0.8531951904296875,-0.4886322021484375
147,148,2024-09-05 12:07:40,0.228912353515625,-0.843902587890625,-0.5047607421875
148,149,2024-09-05 12:07:42,0.152099609375,-0.8446807861328125,-0.502288818359375
149,150,2024-09-05 12:07:44,0.2877960205078125,-0.829376220703125,-0.4888763427734375
150,151,2024-09-05 12:07:46,0.7389678955078125,-0.7838287353515625,-0.4078521728515625
151,152,2024-09-05 12:07:47,-0.226226806640625,-0.848480224609375,-0.47100830078125
152,153,2024-09-05 12:07:48,0.3417205810546875,-0.859375,-0.360595703125
153,154,2024-09-05 12:07:49,0.1208953857421875,-0.855010986328125,-0.481903076171875
154,155,2024-09-05 12:07:50,0.21343994140625,-0.859405517578125,-0.435455322265625
155,156,2024-09-05 12:07:51,0.3266143798828125,-0.8682403564453125,-0.378631591796875
156,157,2024-09-05 12:07:53,0.595001220703125,-0.85107421875,-0.3576507568359375
157,158,2024-09-05 12:07:54,0.1221923828125,-0.9310302734375,-0.37591552734375
158,159,2024-09-05 12:07:55,-0.1908721923828125,-0.7596893310546875,-0.574462890625
159,160,2024-09-05 12:07:57,-0.0451202392578125,-0.8639984130859375,-0.476318359375
160,161,2024-09-05 12:07:58,0.531494140625,-0.733978271484375,-0.497467041015625
161,162,2024-09-05 12:07:59,0.607147216796875,0.14923095703125,-0.7551727294921875
162,163,2024-09-05 12:08:00,-0.4697418212890625,-0.9166259765625,-0.13714599609375
163,164,2024-09-05 12:08:01,-0.1936187744140625,-0.88836669921875,-0.293426513671875
164,165,2024-09-05 12:08:02,-0.17926025390625,-0.8866424560546875,-0.275848388671875
165,166,2024-09-05 12:08:03,-0.470550537109375,-0.830718994140625,-0.1576995849609375
166,167,2024-09-05 12:08:05,-0.7860565185546875,-0.7349853515625,-0.05010986328125
167,168,2024-09-05 12:08:06,-0.73309326171875,-0.761993408203125,0.00091552734375
168,169,2024-09-05 12:08:07,0.0987548828125,-0.9068450927734375,-0.326904296875
169,170,2024-09-05 12:08:08,0.494049072265625,-0.8879852294921875,-0.2733001708984375
170,171,2024-09-05 12:08:09,0.676300048828125,-0.7923583984375,-0.4118804931640625
171,172,2024-09-05 12:08:10,-0.3960113525390625,-0.77001953125,-0.1934814453125
172,173,2024-09-05 12:08:12,-0.6901702880859375,-0.6766357421875,-0.10394287109375
173,174,2024-09-05 12:08:13,-0.7278900146484375,-0.6649322509765625,-0.120880126953125
174,175,2024-09-05 12:08:14,-0.7526092529296875,-0.673675537109375,-0.117706298828125
175,176,2024-09-05 12:08:15,-0.492523193359375,-0.7746124267578125,-0.1431884765625
176,177,2024-09-05 12:08:16,0.01043701171875,-0.8923797607421875,-0.3190460205078125
177,178,2024-09-05 12:08:17,-0.2726287841796875,-0.891204833984375,-0.333160400390625
178,179,2024-09-05 12:08:18,-0.3499603271484375,-0.753997802734375,-0.2340087890625
179,180,2024-09-05 12:08:19,0.2366943359375,-0.8981170654296875,-0.2985687255859375
180,181,2024-09-05 12:08:20,-0.7263946533203125,-0.5644683837890625,-0.0218353271484375
181,182,2024-09-05 12:08:21,0.760406494140625,-0.9263916015625,-0.0302276611328125
182,183,2024-09-05 12:08:22,-0.7612762451171875,-0.6180419921875,0.0459136962890625
183,184,2024-09-05 12:08:23,-0.698150634765625,-0.5957183837890625,0.078582763671875
184,185,2024-09-05 12:08:24,0.447998046875,-0.840087890625,-0.32623291015625
185,186,2024-09-05 12:08:25,-0.2019805908203125,-0.9088897705078125,-0.27716064453125
186,187,2024-09-05 12:08:26,0.20465087890625,-0.8739166259765625,-0.449676513671875
187,188,2024-09-05 12:08:27,-0.780120849609375,-0.6993560791015625,-0.0343170166015625
188,189,2024-09-05 12:08:28,-0.6805572509765625,-0.7388153076171875,0.0505523681640625
189,190,2024-09-05 12:08:29,-0.336639404296875,-0.79144287109375,0.0899810791015625
190,191,2024-09-05 12:08:30,0.3669891357421875,-0.9266510009765625,-0.0984344482421875
191,192,2024-09-05 12:08:31,0.499267578125,-0.8615875244140625,-0.18548583984375
192,193,2024-09-05 12:08:32,-0.2871551513671875,-0.8865203857421875,-0.1147918701171875
193,194,2024-09-05 12:08:33,-0.4723052978515625,-0.9390869140625,0.0421905517578125
194,195,2024-09-05 12:08:34,0.17034912109375,-0.4715118408203125,-0.5793914794921875
195,196,2024-09-05 12:08:35,0.0081329345703125,-0.0431365966796875,-0.9850921630859375
196,197,2024-09-05 12:08:36,0.0167236328125,-0.06695556640625,-0.996124267578125
197,198,2024-09-05 12:08:37,0.0359954833984375,-0.0911102294921875,-0.9926605224609375
198,199,2024-09-05 12:08:38,0.047332763671875,-0.099395751953125,-0.991485595703125
199,200,2024-09-05 12:08:39,0.040863037109375,-0.09375,-0.9950408935546875
200,201,2024-09-05 12:08:40,0.0312652587890625,-0.0972442626953125,-0.9920654296875
201,202,2024-09-05 12:08:42,0.038848876953125,-0.0984649658203125,-0.9905548095703125
202,203,2024-09-05 12:08:43,0.0432586669921875,-0.0958709716796875,-0.99505615234375
203,204,2024-09-05 12:08:44,0.040496826171875,-0.0884857177734375,-0.9905548095703125
204,205,2024-09-05 12:08:45,0.0577392578125,-0.0923309326171875,-0.9983673095703125
205,206,2024-09-05 12:08:46,0.051788330078125,-0.09625244140625,-0.989837646484375
206,207,2024-09-05 12:08:47,0.033660888671875,-0.093017578125,-0.99151611328125
207,208,2024-09-05 12:08:48,0.05743408203125,-0.095794677734375,-0.99871826171875
208,209,2024-09-05 12:08:49,0.0396881103515625,-0.1024017333984375,-0.9921875
209,210,2024-09-05 12:08:50,0.045257568359375,-0.1060333251953125,-0.9902191162109375
210,211,2024-09-05 12:08:51,0.0451812744140625,-0.10821533203125,-0.9909515380859375
211,212,2024-09-05 12:08:52,0.0387115478515625,-0.107269287109375,-0.9878997802734375
212,213,2024-09-05 12:08:53,0.0522613525390625,-0.1072998046875,-0.995819091796875
213,214,2024-09-05 12:08:54,0.0478057861328125,-0.1107330322265625,-0.9889984130859375
214,215,2024-09-05 12:08:55,0.0471649169921875,-0.10791015625,-0.9931793212890625
215,216,2024-09-05 12:08:56,0.05560302734375,-0.1100311279296875,-0.9934234619140625
216,217,2024-09-05 12:08:57,0.0569305419921875,-0.1103363037109375,-0.9944000244140625
217,218,2024-09-05 12:08:58,0.0534210205078125,-0.1165008544921875,-0.99273681640625
218,219,2024-09-05 12:08:59,0.0523223876953125,-0.1154937744140625,-0.992706298828125
219,220,2024-09-05 12:09:00,0.454498291015625,-0.12200927734375,-1.0003509521484375
220,221,2024-09-05 12:09:01,0.53790283203125,-0.2686004638671875,-0.8332977294921875
221,222,2024-09-05 12:09:03,0.840179443359375,-0.8189697265625,0.1301116943359375
222,223,2024-09-05 12:09:04,-0.762939453125,0.3780059814453125,-1.0679168701171875
223,224,2024-09-05 12:09:05,0.6980438232421875,-0.3621673583984375,-0.5690155029296875
224,225,2024-09-05 12:09:06,0.375274658203125,-0.810394287109375,-0.139556884765625
225,226,2024-09-05 12:09:08,0.70709228515625,-0.4889373779296875,-0.417449951171875
226,227,2024-09-05 12:09:09,-0.638214111328125,-0.83319091796875,0.0870819091796875
227,228,2024-09-05 12:09:11,1.19586181640625,-0.1189727783203125,-0.37030029296875
228,229,2024-09-05 12:09:12,-0.0738372802734375,-0.841461181640625,0.14788818359375
229,230,2024-09-05 12:09:13,0.6893768310546875,-0.7385711669921875,-0.12225341796875
230,231,2024-09-05 12:09:14,-0.1384735107421875,-0.9860382080078125,0.036163330078125
231,232,2024-09-05 12:09:15,0.8334197998046875,-0.44866943359375,-0.2917022705078125
232,233,2024-09-05 12:09:16,-0.2965850830078125,-0.909149169921875,0.0760345458984375
233,234,2024-09-05 12:09:18,-0.272705078125,-0.9005126953125,0.104461669921875
234,235,2024-09-05 12:09:19,0.0591583251953125,-0.91741943359375,-0.029022216796875
235,236,2024-09-05 12:09:21,1.3234100341796875,-0.3819732666015625,-0.226104736328125
236,237,2024-09-05 12:09:22,-0.6569671630859375,-0.8008575439453125,0.045989990234375
237,238,2024-09-05 12:09:23,0.175323486328125,-0.8461761474609375,-0.0482025146484375
238,239,2024-09-05 12:09:25,0.5252227783203125,-0.58026123046875,-0.1938018798828125
239,240,2024-09-05 12:09:27,-0.0928497314453125,-1.00592041015625,0.0565948486328125
240,241,2024-09-05 12:09:28,1.340240478515625,-0.305694580078125,-0.2608795166015625
241,242,2024-09-05 12:09:29,1.172149658203125,-0.2812347412109375,-0.3103790283203125
242,243,2024-09-05 12:09:30,0.50921630859375,-0.6158447265625,-0.11187744140625
243,244,2024-09-05 12:09:32,-0.1340179443359375,-0.9219207763671875,0.064910888671875
244,245,2024-09-05 12:09:33,0.4796905517578125,-0.7733612060546875,-0.07440185546875
245,246,2024-09-05 12:09:34,0.238494873046875,-0.83599853515625,-0.067779541015625
246,247,2024-09-05 12:09:35,-0.2823944091796875,-0.89337158203125,0.0301971435546875
247,248,2024-09-05 12:09:36,-0.5466766357421875,-0.8388671875,0.075714111328125
248,249,2024-09-05 12:09:37,0.0186614990234375,-1.00506591796875,0.039276123046875
249,250,2024-09-05 12:09:38,1.0027008056640625,-0.5112152099609375,-0.107574462890625
250,251,2024-09-05 12:09:39,0.869598388671875,-0.6812744140625,-0.1126861572265625
251,252,2024-09-05 12:09:40,-0.3132476806640625,-0.95281982421875,0.0896453857421875
252,253,2024-09-05 12:09:41,0.91851806640625,-0.420074462890625,-0.2154693603515625
253,254,2024-09-05 12:09:42,-0.7497100830078125,-0.7695159912109375,0.0482940673828125
254,255,2024-09-05 12:09:43,1.0560150146484375,-0.1683807373046875,-0.3874053955078125
255,256,2024-09-05 12:09:44,-0.617889404296875,-0.806365966796875,0.0924072265625
256,257,2024-09-05 12:09:45,0.576416015625,-0.7088470458984375,-0.1918792724609375
257,258,2024-09-05 12:09:46,0.51898193359375,-0.90325927734375,-0.1097412109375
258,259,2024-09-05 12:09:47,-0.079132080078125,-0.9691162109375,-0.03179931640625
259,260,2024-09-05 12:09:48,0.8653106689453125,-0.495758056640625,-0.0468292236328125
260,261,2024-09-05 12:09:49,-0.356109619140625,-0.8775634765625,0.157989501953125
261,262,2024-09-05 12:09:50,1.1608428955078125,-0.380889892578125,-0.0347747802734375
262,263,2024-09-05 12:09:51,-0.552398681640625,-0.7742156982421875,0.1117401123046875
263,264,2024-09-05 12:09:52,0.54296875,-0.6119537353515625,0.0154571533203125
264,265,2024-09-05 12:09:53,0.735137939453125,-0.59796142578125,0.11065673828125
265,266,2024-09-05 12:09:54,-0.526397705078125,-0.8152618408203125,0.131134033203125
266,267,2024-09-05 12:09:55,1.1202239990234375,-0.212158203125,-0.0989227294921875
267,268,2024-09-05 12:09:56,-0.518890380859375,-0.842529296875,0.142608642578125
268,269,2024-09-05 12:09:57,0.9543914794921875,-0.5864410400390625,0.1522064208984375
269,270,2024-09-05 12:09:59,-0.7041778564453125,-0.793121337890625,0.1178131103515625
270,271,2024-09-05 12:10:00,-0.5304718017578125,-0.748870849609375,-0.0090484619140625
271,272,2024-09-05 12:10:01,0.1109619140625,-0.91888427734375,0.0817718505859375
272,273,2024-09-05 12:10:02,0.6956634521484375,-0.724212646484375,-0.0069427490234375
273,274,2024-09-05 12:10:03,-0.5769805908203125,-0.8180389404296875,0.1646881103515625
274,275,2024-09-05 12:10:04,0.577667236328125,-0.7125701904296875,0.0608367919921875
275,276,2024-09-05 12:10:05,-0.1226348876953125,-0.8956146240234375,0.096160888671875
276,277,2024-09-05 12:10:06,-0.237396240234375,-0.940338134765625,0.1693267822265625
277,278,2024-09-05 12:10:07,0.943634033203125,-0.50958251953125,0.02728271484375
278,279,2024-09-05 12:10:08,0.4527130126953125,-0.8807220458984375,0.1662750244140625
279,280,2024-09-05 12:10:09,-0.650634765625,-0.8048095703125,0.1717071533203125
280,281,2024-09-05 12:10:10,-0.2261199951171875,-0.8991546630859375,0.19775390625
281,282,2024-09-05 12:10:11,0.6553955078125,-0.6767120361328125,-0.0035400390625
282,283,2024-09-05 12:10:12,0.064117431640625,-0.9136962890625,-0.059844970703125
283,284,2024-09-05 12:10:13,0.86700439453125,-0.591888427734375,0.0726318359375
284,285,2024-09-05 12:10:14,0.0867767333984375,-0.829681396484375,0.117645263671875
285,286,2024-09-05 12:10:15,-0.4570159912109375,-0.885589599609375,0.191497802734375
286,287,2024-09-05 12:10:16,0.8032379150390625,-0.6812744140625,0.0870361328125
287,288,2024-09-05 12:10:17,0.9305572509765625,-0.6074371337890625,0.0535430908203125
288,289,2024-09-05 12:10:18,0.5550689697265625,-0.841644287109375,0.056488037109375
289,290,2024-09-05 12:10:19,-0.0781402587890625,-0.9237213134765625,0.1068878173828125
290,291,2024-09-05 12:10:20,-0.141693115234375,-0.9373626708984375,0.2899322509765625
291,292,2024-09-05 12:10:21,0.9765625,-0.469329833984375,0.04132080078125
292,293,2024-09-05 12:10:22,-0.174346923828125,-0.883331298828125,0.05560302734375
293,294,2024-09-05 12:10:23,0.915313720703125,-0.7792205810546875,0.098876953125
294,295,2024-09-05 12:10:25,0.0041656494140625,-0.0456390380859375,-0.74005126953125
295,296,2024-09-05 12:10:26,0.072845458984375,-0.020111083984375,-0.996246337890625
296,297,2024-09-05 12:10:28,0.0688323974609375,-0.231689453125,-1.05035400390625
297,298,2024-09-05 12:10:29,0.0037689208984375,0.12957763671875,-0.9615325927734375
298,299,2024-09-05 12:10:32,0.0058135986328125,-0.011383056640625,-0.9981689453125
299,300,2024-09-05 12:10:33,0.0016021728515625,-0.010162353515625,-0.9992523193359375
300,301,2024-09-05 12:10:34,0.0024871826171875,-0.012481689453125,-1.00164794921875
301,302,2024-09-05 12:10:35,0.0020294189453125,-0.010101318359375,-0.9996795654296875
302,303,2024-09-05 12:10:36,0.0018463134765625,-0.0111083984375,-0.998626708984375
303,304,2024-09-05 12:10:37,0.002105712890625,-0.010894775390625,-1.0003509521484375
304,305,2024-09-05 12:10:39,0.0037384033203125,-0.0113525390625,-0.99969482421875
305,306,2024-09-05 12:10:41,0.002899169921875,-0.015960693359375,-1.0015106201171875
306,307,2024-09-05 12:10:42,0.0028533935546875,-0.0106201171875,-0.9988555908203125
307,308,2024-09-05 12:10:43,0.001861572265625,-0.01025390625,-0.999237060546875
308,309,2024-09-05 12:10:44,0.0029296875,-0.0099334716796875,-0.9994354248046875
309,310,2024-09-05 12:10:45,0.001861572265625,-0.009857177734375,-0.9990692138671875
310,311,2024-09-05 12:10:47,0.0023956298828125,-0.011077880859375,-0.9993896484375
311,312,2024-09-05 12:10:48,0.0030517578125,-0.01104736328125,-1.0003204345703125
312,313,2024-09-05 12:10:49,0.0021820068359375,-0.0104522705078125,-0.998931884765625
313,314,2024-09-05 12:10:50,0.0024566650390625,-0.01104736328125,-0.9987640380859375
314,315,2024-09-05 12:10:51,0.002960205078125,-0.010040283203125,-0.999298095703125
315,316,2024-09-05 12:10:52,0.00225830078125,-0.0104217529296875,-0.9994354248046875
316,317,2024-09-05 12:10:53,0.0020751953125,-0.0107879638671875,-0.998931884765625
317,318,2024-09-05 12:10:54,0.002227783203125,-0.011383056640625,-0.9989776611328125
318,319,2024-09-05 12:10:55,0.0030975341796875,-0.0106964111328125,-0.9995880126953125
319,320,2024-09-05 12:10:56,0.0034942626953125,-0.011199951171875,-0.9994659423828125
320,321,2024-09-05 12:10:57,0.003570556640625,-0.0111846923828125,-0.999481201171875
321,322,2024-09-05 12:10:58,0.0031890869140625,-0.010498046875,-0.9997100830078125
322,323,2024-09-05 12:10:59,0.0027008056640625,-0.0108642578125,-0.9989166259765625
323,324,2024-09-05 12:11:00,0.002044677734375,-0.0108489990234375,-0.9996337890625
324,325,2024-09-05 12:11:01,0.002685546875,-0.0104827880859375,-0.9996795654296875
325,326,2024-09-05 12:11:02,0.0032196044921875,-0.010955810546875,-0.998687744140625
326,327,2024-09-05 12:11:03,0.00286865234375,-0.0107574462890625,-0.9999237060546875
327,328,2024-09-05 12:11:04,0.0025177001953125,-0.0112457275390625,-0.999420166015625
328,329,2024-09-05 12:11:06,0.0025787353515625,-0.0102996826171875,-0.99945068359375
329,330,2024-09-05 12:11:07,0.0025482177734375,-0.0104217529296875,-0.99908447265625
330,331,2024-09-05 12:11:09,0.002899169921875,-0.01141357421875,-0.9984893798828125
331,332,2024-09-05 12:11:10,0.00225830078125,-0.01104736328125,-0.9990692138671875
332,333,2024-09-05 12:11:11,0.0032806396484375,-0.01055908203125,-0.9993438720703125
333,334,2024-09-05 12:11:12,0.0040130615234375,-0.010498046875,-0.9996490478515625
334,335,2024-09-05 12:11:13,0.002655029296875,-0.0106658935546875,-0.9998321533203125
335,336,2024-09-05 12:11:14,0.0024566650390625,-0.0112152099609375,-0.9999237060546875
336,337,2024-09-05 12:11:15,0.0022735595703125,-0.010833740234375,-0.999237060546875
337,338,2024-09-05 12:11:16,0.00189208984375,-0.0103607177734375,-0.999114990234375
338,339,2024-09-05 12:11:17,0.0023040771484375,-0.0109100341796875,-0.99951171875
339,340,2024-09-05 12:11:18,0.0025787353515625,-0.0103607177734375,-0.99957275390625
340,341,2024-09-05 12:11:19,0.002655029296875,-0.0105743408203125,-0.999298095703125
341,342,2024-09-05 12:11:20,0.002105712890625,-0.0105438232421875,-0.998748779296875
342,343,2024-09-05 12:11:21,0.0023193359375,-0.009796142578125,-0.9993743896484375
343,344,2024-09-05 12:11:22,0.0027313232421875,-0.0101470947265625,-0.999267578125
344,345,2024-09-05 12:11:24,0.001983642578125,-0.0104827880859375,-0.9990692138671875
345,346,2024-09-05 12:11:25,0.002288818359375,-0.011383056640625,-0.999298095703125
346,347,2024-09-05 12:11:26,0.002899169921875,-0.0121917724609375,-1.000091552734375
347,348,2024-09-05 12:11:27,0.0020751953125,-0.0111846923828125,-0.999237060546875
348,349,2024-09-05 12:11:28,0.002410888671875,-0.010711669921875,-0.997802734375
349,350,2024-09-05 12:11:29,0.00115966796875,-0.0116119384765625,-0.999847412109375
350,351,2024-09-05 12:11:30,0.0018157958984375,-0.0107421875,-0.999420166015625
351,352,2024-09-05 12:11:31,0.002471923828125,-0.011505126953125,-0.99896240234375
352,353,2024-09-05 12:11:32,0.0029144287109375,-0.011444091796875,-0.9989013671875
353,354,2024-09-05 12:11:33,0.0022735595703125,-0.0110626220703125,-0.999267578125
354,355,2024-09-05 12:11:34,0.002593994140625,-0.0110321044921875,-0.9987945556640625
355,356,2024-09-05 12:11:35,0.00213623046875,-0.01129150390625,-0.998291015625
356,357,2024-09-05 12:11:36,0.002288818359375,-0.01141357421875,-1.001220703125
357,358,2024-09-05 12:11:37,0.0020294189453125,-0.0111083984375,-0.999237060546875
358,359,2024-09-05 12:11:38,0.00323486328125,-0.01190185546875,-0.9993743896484375
359,360,2024-09-05 12:11:39,0.0020751953125,-0.0113983154296875,-0.9989471435546875
360,361,2024-09-05 12:11:40,0.0034637451171875,-0.010986328125,-0.998687744140625
361,362,2024-09-05 12:11:41,0.0023193359375,-0.0102386474609375,-0.9986572265625
362,363,2024-09-05 12:11:42,0.0039825439453125,-0.0115966796875,-0.9998779296875
363,364,2024-09-05 12:11:43,0.0032196044921875,-0.010345458984375,-0.9996337890625
364,365,2024-09-05 12:11:44,0.0029754638671875,-0.0106353759765625,-0.9992828369140625
365,366,2024-09-05 12:11:45,0.003082275390625,-0.0110321044921875,-0.998870849609375
366,367,2024-09-05 12:11:46,0.0027923583984375,-0.0111541748046875,-0.9997711181640625
367,368,2024-09-05 12:11:47,0.00262451171875,-0.011474609375,-0.999420166015625
368,369,2024-09-05 12:11:48,0.0031890869140625,-0.0112152099609375,-0.9982147216796875
369,370,2024-09-05 12:11:50,0.0029296875,-0.010101318359375,-0.9997711181640625
370,371,2024-09-05 12:11:51,0.0019073486328125,-0.0111083984375,-1.000213623046875
371,372,2024-09-05 12:11:52,0.0020904541015625,-0.01129150390625,-0.9993896484375
372,373,2024-09-05 12:11:53,0.0025787353515625,-0.0102386474609375,-0.9987030029296875
373,374,2024-09-05 12:11:54,0.0020751953125,-0.010772705078125,-0.999481201171875
374,375,2024-09-05 12:11:55,0.0027923583984375,-0.0113677978515625,-0.9980621337890625
375,376,2024-09-05 12:11:56,0.0032806396484375,-0.0110321044921875,-0.9990386962890625
376,377,2024-09-05 12:11:57,0.002685546875,-0.0110015869140625,-1.00048828125
377,378,2024-09-05 12:11:59,0.002166748046875,-0.0113067626953125,-0.9989013671875
378,379,2024-09-05 12:12:01,0.0021820068359375,-0.010528564453125,-0.9985809326171875
379,380,2024-09-05 12:12:02,0.00244140625,-0.0112457275390625,-0.9990997314453125
380,381,2024-09-05 12:12:03,0.0021209716796875,-0.0104522705078125,-0.998626708984375
381,382,2024-09-05 12:12:05,0.0029449462890625,-0.0107421875,-0.9993896484375
382,383,2024-09-05 12:12:06,0.002532958984375,-0.0108642578125,-0.9990081787109375
383,384,2024-09-05 12:12:07,0.003326416015625,-0.011077880859375,-0.99871826171875
384,385,2024-09-05 12:12:09,0.0025634765625,-0.01092529296875,-1.00048828125
385,386,2024-09-05 12:12:10,0.0013580322265625,-0.0107574462890625,-0.9989776611328125
386,387,2024-09-05 12:12:11,0.0026397705078125,-0.010955810546875,-0.99951171875
387,388,2024-09-05 12:12:12,0.0021514892578125,-0.0113983154296875,-0.9996337890625
388,389,2024-09-05 12:12:13,0.0027618408203125,-0.010467529296875,-0.9986114501953125
389,390,2024-09-05 12:12:14,0.00164794921875,-0.0107879638671875,-0.9989166259765625
390,391,2024-09-05 12:12:15,0.002899169921875,-0.01031494140625,-0.99853515625
391,392,2024-09-05 12:12:16,0.002349853515625,-0.010986328125,-0.999267578125
392,393,2024-09-05 12:12:17,0.002471923828125,-0.0104827880859375,-0.998992919921875
393,394,2024-09-05 12:12:18,0.003631591796875,-0.0119476318359375,-0.99786376953125
394,395,2024-09-05 12:12:19,0.002716064453125,-0.01202392578125,-0.9991912841796875
395,396,2024-09-05 12:12:20,0.0023193359375,-0.0109710693359375,-0.9992828369140625
396,397,2024-09-05 12:12:21,0.0025482177734375,-0.010589599609375,-0.9996185302734375
397,398,2024-09-05 12:12:22,0.0022125244140625,-0.0104827880859375,-0.997894287109375
398,399,2024-09-05 12:12:24,0.001953125,-0.0103302001953125,-0.9994354248046875
399,400,2024-09-05 12:12:25,0.0023345947265625,-0.0117340087890625,-0.9996490478515625
400,401,2024-09-05 12:12:26,0.0018310546875,-0.0110931396484375,-0.9989471435546875
401,402,2024-09-05 12:12:27,0.003265380859375,-0.011260986328125,-0.9988555908203125
402,403,2024-09-05 12:12:28,0.0016326904296875,-0.0106201171875,-0.9993133544921875
403,404,2024-09-05 12:12:29,0.00335693359375,-0.0106353759765625,-0.999176025390625
404,405,2024-09-05 12:12:30,0.0025482177734375,-0.0112457275390625,-0.998565673828125
405,406,2024-09-05 12:12:31,0.002227783203125,-0.011505126953125,-0.9998626708984375
406,407,2024-09-05 12:12:32,0.001861572265625,-0.0108642578125,-0.99981689453125
407,408,2024-09-05 12:12:33,0.0025634765625,-0.010711669921875,-0.99957275390625
408,409,2024-09-05 12:12:34,0.0024871826171875,-0.010986328125,-0.9993743896484375
409,410,2024-09-05 12:12:35,0.0030517578125,-0.0104522705078125,-0.998809814453125
410,411,2024-09-05 12:12:36,0.0028839111328125,-0.0110931396484375,-0.9988250732421875
411,412,2024-09-05 12:12:37,0.002838134765625,-0.011505126953125,-0.9991607666015625
412,413,2024-09-05 12:12:38,0.002197265625,-0.01031494140625,-0.999053955078125
413,414,2024-09-05 12:12:39,0.0028839111328125,-0.0102081298828125,-0.999725341796875
414,415,2024-09-05 12:12:40,0.0032501220703125,-0.010498046875,-0.9993896484375
415,416,2024-09-05 12:12:41,0.001983642578125,-0.0105743408203125,-1.0002899169921875
416,417,2024-09-05 12:12:42,0.0027313232421875,-0.01116943359375,-0.99945068359375
417,418,2024-09-05 12:12:43,0.0027923583984375,-0.0113983154296875,-0.9997711181640625
418,419,2024-09-05 12:12:44,0.0024871826171875,-0.0107574462890625,-0.9985504150390625
419,420,2024-09-05 12:12:45,0.0023040771484375,-0.011016845703125,-0.9989471435546875
420,421,2024-09-05 12:12:46,0.002227783203125,-0.0115509033203125,-0.9994659423828125
421,422,2024-09-05 12:12:47,0.001678466796875,-0.0110931396484375,-0.9996337890625
422,423,2024-09-05 12:12:48,0.0022430419921875,-0.0117034912109375,-0.998565673828125
423,424,2024-09-05 12:12:49,0.002349853515625,-0.010833740234375,-0.999786376953125
424,425,2024-09-05 12:12:50,0.0021820068359375,-0.011444091796875,-0.9986114501953125
425,426,2024-09-05 12:12:51,0.002227783203125,-0.0103607177734375,-0.9988555908203125
426,427,2024-09-05 12:12:52,0.00274658203125,-0.0111236572265625,-0.99951171875
427,428,2024-09-05 12:12:53,0.0018768310546875,-0.0111846923828125,-0.9987030029296875
428,429,2024-09-05 12:12:54,0.00238037109375,-0.01043701171875,-0.9991302490234375
429,430,2024-09-05 12:12:55,0.0024566650390625,-0.0107879638671875,-1.000335693359375
430,431,2024-09-05 12:12:56,0.0029144287109375,-0.0108184814453125,-1.000030517578125
431,432,2024-09-05 12:12:57,0.0024566650390625,-0.0106353759765625,-0.9989166259765625
432,433,2024-09-05 12:12:58,0.0029754638671875,-0.010467529296875,-0.9991302490234375
433,434,2024-09-05 12:12:59,0.0026702880859375,-0.0110015869140625,-0.9991455078125
434,435,2024-09-05 12:13:00,0.0030975341796875,-0.011505126953125,-0.9995880126953125
435,436,2024-09-05 12:13:01,0.0028839111328125,-0.0108795166015625,-0.9994659423828125
436,437,2024-09-05 12:13:03,0.0030670166015625,-0.0115509033203125,-0.9991912841796875
437,438,2024-09-05 12:13:04,0.0018768310546875,-0.011474609375,-0.999237060546875
438,439,2024-09-05 12:13:05,0.003082275390625,-0.0108642578125,-0.9997711181640625
439,440,2024-09-05 12:13:06,0.0030059814453125,-0.0116424560546875,-0.9996185302734375
440,441,2024-09-05 12:13:07,0.002838134765625,-0.0113067626953125,-0.9985809326171875
441,442,2024-09-05 12:13:08,0.0023193359375,-0.011016845703125,-0.999267578125
442,443,2024-09-05 12:13:09,0.0024261474609375,-0.0102691650390625,-1.00042724609375
443,444,2024-09-05 12:13:10,0.001922607421875,-0.010528564453125,-0.9990692138671875
444,445,2024-09-05 12:13:11,0.00250244140625,-0.0101776123046875,-0.9998321533203125
445,446,2024-09-05 12:13:12,0.0023040771484375,-0.0110321044921875,-0.9988250732421875
446,447,2024-09-05 12:13:13,0.0032806396484375,-0.010833740234375,-0.999542236328125
447,448,2024-09-05 12:13:15,0.0021514892578125,-0.0109100341796875,-0.99871826171875
448,449,2024-09-05 12:13:16,0.003265380859375,-0.0115509033203125,-0.999237060546875
449,450,2024-09-05 12:13:17,0.003631591796875,-0.01092529296875,-0.998687744140625
450,451,2024-09-05 12:13:18,0.0025177001953125,-0.01080322265625,-0.999542236328125
451,452,2024-09-05 12:13:19,0.0023040771484375,-0.0114593505859375,-0.999298095703125
452,453,2024-09-05 12:13:20,0.002593994140625,-0.0102386474609375,-1.000091552734375
453,454,2024-09-05 12:13:21,0.002685546875,-0.01043701171875,-0.9987945556640625
454,455,2024-09-05 12:13:23,0.0020294189453125,-0.0102996826171875,-0.999725341796875
455,456,2024-09-05 12:13:24,0.0029296875,-0.0102081298828125,-0.999237060546875
456,457,2024-09-05 12:13:25,0.0024566650390625,-0.0105438232421875,-0.9990997314453125
457,458,2024-09-05 12:13:26,0.00250244140625,-0.0110321044921875,-0.998504638671875
458,459,2024-09-05 12:13:27,0.003875732421875,-0.010009765625,-0.9978485107421875
459,460,2024-09-05 12:13:28,0.001983642578125,-0.0100250244140625,-0.999755859375
460,461,2024-09-05 12:13:29,0.00201416015625,-0.010894775390625,-0.99932861328125
461,462,2024-09-05 12:13:30,0.0024261474609375,-0.010986328125,-0.9984130859375
462,463,2024-09-05 12:13:31,0.0024871826171875,-0.010955810546875,-1.0001678466796875
463,464,2024-09-05 12:13:32,0.0028839111328125,-0.0106964111328125,-0.998870849609375
464,465,2024-09-05 12:13:33,0.002227783203125,-0.0114288330078125,-1.0001678466796875
465,466,2024-09-05 12:13:35,0.0019073486328125,-0.0109100341796875,-0.999725341796875
466,467,2024-09-05 12:13:37,0.0020751953125,-0.0106964111328125,-0.99871826171875
467,468,2024-09-05 12:13:39,0.0020904541015625,-0.0122222900390625,-1.001312255859375
468,469,2024-09-05 12:13:40,0.0037078857421875,-0.010955810546875,-0.9998321533203125
469,470,2024-09-05 12:13:41,0.003021240234375,-0.011383056640625,-0.99981689453125
470,471,2024-09-05 12:13:42,0.00335693359375,-0.0107269287109375,-1.0006103515625
471,472,2024-09-05 12:13:43,0.0015106201171875,-0.0104827880859375,-1.001190185546875
472,473,2024-09-05 12:13:45,0.00262451171875,-0.01123046875,-1.000091552734375
473,474,2024-09-05 12:13:46,0.002105712890625,-0.0113372802734375,-0.999298095703125
474,475,2024-09-05 12:13:48,0.00286865234375,-0.012115478515625,-0.998046875
475,476,2024-09-05 12:13:49,0.0017852783203125,-0.01068115234375,-0.9986572265625
476,477,2024-09-05 12:13:51,0.0023956298828125,-0.0110321044921875,-1.0005340576171875
477,478,2024-09-05 12:13:52,0.0028228759765625,-0.011199951171875,-0.9998931884765625
478,479,2024-09-05 12:13:53,0.00201416015625,-0.0107269287109375,-1.000732421875
479,480,2024-09-05 12:13:54,0.0024566650390625,-0.0114898681640625,-0.999969482421875
480,481,2024-09-05 12:13:55,0.001617431640625,-0.0102081298828125,-0.9984283447265625
481,482,2024-09-05 12:13:56,0.0020751953125,-0.0111541748046875,-0.999053955078125
482,483,2024-09-05 12:13:57,0.0019683837890625,-0.0105438232421875,-0.997802734375
483,484,2024-09-05 12:13:59,0.0025634765625,-0.011138916015625,-0.999420166015625
484,485,2024-09-05 12:14:00,0.002288818359375,-0.0118255615234375,-0.9996185302734375
485,486,2024-09-05 12:14:01,0.003143310546875,-0.009979248046875,-0.996917724609375
486,487,2024-09-05 12:14:02,0.0021209716796875,-0.00994873046875,-0.999420166015625
487,488,2024-09-05 12:14:03,0.0027923583984375,-0.010833740234375,-0.9982757568359375
488,489,2024-09-05 12:14:04,0.002960205078125,-0.0111846923828125,-0.9992828369140625
489,490,2024-09-05 12:14:05,0.001953125,-0.01080322265625,-0.9989471435546875
490,491,2024-09-05 12:14:06,0.0026092529296875,-0.0106048583984375,-0.9989166259765625
491,492,2024-09-05 12:14:07,0.0018310546875,-0.01043701171875,-0.9998016357421875
492,493,2024-09-05 12:14:08,0.0030975341796875,-0.0107574462890625,-0.99853515625
493,494,2024-09-05 12:14:09,0.0015716552734375,-0.011871337890625,-0.999664306640625
494,495,2024-09-05 12:14:10,0.00128173828125,-0.0115814208984375,-0.9993438720703125
495,496,2024-09-05 12:14:11,0.0024261474609375,-0.0112762451171875,-0.9988861083984375
496,497,2024-09-05 12:14:12,0.001983642578125,-0.0109405517578125,-1.000732421875
497,498,2024-09-05 12:14:13,0.0020599365234375,-0.01007080078125,-0.9990692138671875
498,499,2024-09-05 12:14:14,0.002197265625,-0.010772705078125,-0.9990234375
499,500,2024-09-05 12:14:15,0.0023956298828125,-0.0110931396484375,-1.0004730224609375
500,501,2024-09-05 12:14:16,0.0029296875,-0.0108642578125,-0.9991912841796875
501,502,2024-09-05 12:14:17,0.00244140625,-0.0099334716796875,-0.9996490478515625
502,503,2024-09-05 12:14:19,0.0024871826171875,-0.0107421875,-0.999786376953125
503,504,2024-09-05 12:14:20,0.0030059814453125,-0.010345458984375,-1.00006103515625
504,505,2024-09-05 12:14:21,0.0021820068359375,-0.0106658935546875,-0.9991912841796875
505,506,2024-09-05 12:14:22,0.0022430419921875,-0.0111846923828125,-0.9990234375
506,507,2024-09-05 12:14:23,0.00244140625,-0.01116943359375,-0.99993896484375
507,508,2024-09-05 12:14:24,0.0030670166015625,-0.010589599609375,-0.9993896484375
508,509,2024-09-05 12:14:26,0.0022430419921875,-0.0108795166015625,-0.9991912841796875
509,510,2024-09-05 12:14:27,0.001739501953125,-0.0107879638671875,-0.9998626708984375
510,511,2024-09-05 12:14:28,0.0013885498046875,-0.011199951171875,-0.9984893798828125
511,512,2024-09-05 12:14:29,-0.697784423828125,-0.01458740234375,-0.8353271484375
512,513,2024-09-05 12:14:30,0.007415771484375,1.0847625732421875,-0.5575103759765625
513,514,2024-09-05 12:14:31,-0.4396209716796875,0.4136962890625,1.0526580810546875
514,515,2024-09-05 12:14:32,-0.6630706787109375,0.2732086181640625,0.808013916015625
515,516,2024-09-05 12:14:33,-1.09783935546875,0.3931884765625,0.3491973876953125
516,517,2024-09-05 12:14:34,-0.710052490234375,0.123992919921875,-0.4952392578125
517,518,2024-09-05 12:14:35,-0.39202880859375,0.0909576416015625,0.7791595458984375
518,519,2024-09-05 12:14:36,-0.4731292724609375,0.0884246826171875,-0.8787841796875
519,520,2024-09-05 12:14:37,-0.00921630859375,-0.8443145751953125,-0.4019775390625
520,521,2024-09-05 12:14:38,-0.2896575927734375,-0.367156982421875,0.889892578125
521,522,2024-09-05 12:14:39,-0.5151824951171875,-0.1993865966796875,-0.786773681640625
522,523,2024-09-05 12:14:40,0.9761962890625,-0.006134033203125,0.0561370849609375
523,524,2024-09-05 12:14:41,-0.4618682861328125,-0.4052581787109375,0.3698883056640625
524,525,2024-09-05 12:14:42,0.79083251953125,-0.0171356201171875,-0.7041168212890625
525,526,2024-09-05 12:14:43,-0.2993011474609375,-0.751861572265625,0.347900390625
526,527,2024-09-05 12:14:44,-0.6848907470703125,0.0293731689453125,-0.704833984375
527,528,2024-09-05 12:14:45,-0.2170867919921875,-0.6977386474609375,-0.0556488037109375
528,529,2024-09-05 12:14:46,-0.36761474609375,-0.039947509765625,0.7238006591796875
529,530,2024-09-05 12:14:47,-0.740142822265625,0.0614776611328125,-0.7386932373046875
530,531,2024-09-05 12:14:48,0.5227203369140625,-0.853057861328125,0.2974700927734375
531,532,2024-09-05 12:14:49,-0.734405517578125,-0.5193328857421875,0.2760009765625
532,533,2024-09-05 12:14:50,-0.4895172119140625,-0.4077301025390625,-0.7737579345703125
533,534,2024-09-05 12:14:52,0.85723876953125,-0.3452301025390625,0.558013916015625
534,535,2024-09-05 12:14:53,-0.9242401123046875,-0.3516845703125,0.0697784423828125
535,536,2024-09-05 12:14:54,-0.2541046142578125,-0.0974273681640625,-0.97894287109375
536,537,2024-09-05 12:14:55,0.9999542236328125,-0.03985595703125,-0.0059967041015625
537,538,2024-09-05 12:14:56,-0.44830322265625,-0.6060638427734375,-0.4292144775390625
538,539,2024-09-05 12:14:57,0.803375244140625,-0.782012939453125,-0.4663238525390625
539,540,2024-09-05 12:14:58,-0.044158935546875,-0.5486602783203125,0.3934783935546875
540,541,2024-09-05 12:14:59,0.85101318359375,-0.5054168701171875,-0.8061370849609375
541,542,2024-09-05 12:15:00,-0.036102294921875,-0.4851226806640625,-0.0810394287109375
542,543,2024-09-05 12:15:01,-0.4270782470703125,-0.905426025390625,0.0298919677734375
543,544,2024-09-05 12:15:02,-0.33148193359375,-0.576873779296875,-0.7382965087890625
544,545,2024-09-05 12:15:04,-0.0073089599609375,-0.8838043212890625,-0.4680023193359375
545,546,2024-09-05 12:15:05,0.383758544921875,0.196502685546875,0.9425811767578125
546,547,2024-09-05 12:15:06,-0.6907501220703125,-0.5517578125,-0.454071044921875
547,548,2024-09-05 12:15:07,0.4237518310546875,-0.67352294921875,0.1164398193359375
548,549,2024-09-05 12:15:08,-0.569580078125,0.6243133544921875,0.684326171875
549,550,2024-09-05 12:15:10,0.5095062255859375,0.3964385986328125,0.9994354248046875
550,551,2024-09-05 12:15:11,-0.62091064453125,0.258331298828125,-0.1414337158203125
551,552,2024-09-05 12:15:13,-0.7737884521484375,-0.3388824462890625,-0.5936126708984375
552,553,2024-09-05 12:15:14,0.886505126953125,-0.0207366943359375,0.6171722412109375
553,554,2024-09-05 12:15:15,-0.2425079345703125,-0.195892333984375,-0.9196624755859375
554,555,2024-09-05 12:15:16,0.7697601318359375,-0.63897705078125,0.0287628173828125
555,556,2024-09-05 12:15:17,-0.30908203125,-0.7476043701171875,0.05828857421875
556,557,2024-09-05 12:15:18,-0.8793487548828125,-0.7802276611328125,-0.0360565185546875
557,558,2024-09-05 12:15:19,-0.8885040283203125,-0.363922119140625,-0.2733612060546875
558,559,2024-09-05 12:15:20,-0.7948760986328125,-0.130950927734375,-0.3076019287109375
559,560,2024-09-05 12:15:21,0.24041748046875,-0.526397705078125,-0.1934356689453125
560,561,2024-09-05 12:15:22,-0.73724365234375,-0.417724609375,0.9780426025390625
561,562,2024-09-05 12:15:23,0.9197845458984375,-0.115020751953125,0.7780914306640625
562,563,2024-09-05 12:15:25,0.2218475341796875,-0.6013946533203125,-0.6038360595703125
563,564,2024-09-05 12:15:27,-0.1289825439453125,-0.2675323486328125,-0.8782806396484375
564,565,2024-09-05 12:15:29,-0.55810546875,-0.4071197509765625,0.411285400390625
565,566,2024-09-05 12:15:30,0.2971343994140625,-0.450897216796875,-0.7028656005859375
566,567,2024-09-05 12:15:32,-0.3912353515625,-0.2335968017578125,-0.7586212158203125
567,568,2024-09-05 12:15:34,-0.9196929931640625,-0.0106048583984375,-0.39141845703125
568,569,2024-09-05 12:15:35,-0.53179931640625,-0.4499664306640625,-0.6772613525390625
569,570,2024-09-05 12:15:36,-0.04876708984375,-0.5957183837890625,0.835235595703125
570,571,2024-09-05 12:15:37,-0.6105194091796875,-0.4344940185546875,-0.6893768310546875
571,572,2024-09-05 12:15:38,-0.231842041015625,-0.9900054931640625,0.391021728515625
572,573,2024-09-05 12:15:39,-0.4067230224609375,-0.512969970703125,-0.85858154296875
573,574,2024-09-05 12:15:40,0.336395263671875,-0.7754364013671875,0.398895263671875
574,575,2024-09-05 12:15:41,-0.775238037109375,-0.5030517578125,-0.2324066162109375
575,576,2024-09-05 12:15:44,-0.0234375,-1.102325439453125,0.16790771484375
576,577,2024-09-05 12:15:45,-0.6233367919921875,-0.770477294921875,-0.28314208984375
577,578,2024-09-05 12:15:46,-0.1268310546875,-1.0930633544921875,0.07489013671875
578,579,2024-09-05 12:15:48,-0.47015380859375,-0.7428741455078125,-0.336700439453125
579,580,2024-09-05 12:15:49,0.9041290283203125,-0.4961395263671875,0.33367919921875
580,581,2024-09-05 12:15:50,-0.69769287109375,-0.34521484375,-0.579864501953125
581,582,2024-09-05 12:15:52,0.34954833984375,-0.1912384033203125,1.099395751953125
582,583,2024-09-05 12:15:53,-0.5734100341796875,-0.1982421875,-0.74560546875
583,584,2024-09-05 12:15:54,1.086883544921875,-0.222747802734375,0.2602996826171875
584,585,2024-09-05 12:15:55,-0.3802337646484375,-0.8148040771484375,0.392303466796875
585,586,2024-09-05 12:15:56,-0.6134185791015625,-0.56036376953125,-0.4081268310546875
586,587,2024-09-05 12:15:57,0.1237945556640625,-0.6371002197265625,0.68450927734375
587,588,2024-09-05 12:15:58,-0.7462310791015625,0.0029449462890625,-0.6067962646484375
588,589,2024-09-05 12:15:59,0.43804931640625,-0.9194793701171875,-0.053863525390625
589,590,2024-09-05 12:16:00,-0.3730316162109375,-0.6841278076171875,0.3681640625
590,591,2024-09-05 12:16:01,-0.830657958984375,-0.4399566650390625,-0.394195556640625
591,592,2024-09-05 12:16:02,1.052520751953125,-0.2589263916015625,0.314178466796875
592,593,2024-09-05 12:16:03,-0.503570556640625,-0.799560546875,0.098907470703125
593,594,2024-09-05 12:16:04,-0.6495819091796875,-0.42169189453125,-0.58685302734375
594,595,2024-09-05 12:16:05,0.5140380859375,-0.3672943115234375,0.8634033203125
595,596,2024-09-05 12:16:06,-0.6620941162109375,-0.539031982421875,-0.55712890625
596,597,2024-09-05 12:16:07,-0.4959869384765625,-0.781524658203125,-0.340240478515625
597,598,2024-09-05 12:16:08,0.615203857421875,-0.3206634521484375,0.9326019287109375
598,599,2024-09-05 12:16:09,-0.7950439453125,-0.210540771484375,-0.66546630859375
599,600,2024-09-05 12:16:10,0.110504150390625,-0.7869415283203125,0.329193115234375
600,601,2024-09-05 12:16:11,-0.2489013671875,-0.0801239013671875,1.0780029296875
601,602,2024-09-05 12:16:13,0.38385009765625,-0.395660400390625,0.9064178466796875
602,603,2024-09-05 12:16:14,-0.7127838134765625,-0.5307159423828125,-0.292327880859375
603,604,2024-09-05 12:16:15,-0.396331787109375,-0.910491943359375,0.3517913818359375
604,605,2024-09-05 12:16:16,-0.813201904296875,-0.135711669921875,0.6061859130859375
605,606,2024-09-05 12:16:17,-0.7270660400390625,-0.217620849609375,-0.446502685546875
606,607,2024-09-05 12:16:18,-0.5456390380859375,-0.0881805419921875,0.92352294921875
607,608,2024-09-05 12:16:19,-0.72943115234375,-0.3489837646484375,-0.6828155517578125
608,609,2024-09-05 12:16:20,0.3924713134765625,-0.3055419921875,0.95428466796875
609,610,2024-09-05 12:16:22,-0.502899169921875,-0.499603271484375,-0.693450927734375
610,611,2024-09-05 12:16:23,0.1412506103515625,-0.8199462890625,0.185272216796875
611,612,2024-09-05 12:16:24,-0.302337646484375,-0.6871490478515625,0.35223388671875
612,613,2024-09-05 12:16:25,0.854339599609375,0.020477294921875,0.6456451416015625
613,614,2024-09-05 12:16:26,-0.655487060546875,-0.7098236083984375,-0.2949066162109375
614,615,2024-09-05 12:16:27,0.443572998046875,-0.60992431640625,0.4486541748046875
615,616,2024-09-05 12:16:28,-0.7479705810546875,-0.596038818359375,-0.14605712890625
616,617,2024-09-05 12:16:29,0.002227783203125,-0.9156646728515625,0.2264404296875
617,618,2024-09-05 12:16:30,0.175994873046875,-0.8372650146484375,0.447052001953125
618,619,2024-09-05 12:16:31,-0.683746337890625,-0.5915069580078125,-0.273590087890625
619,620,2024-09-05 12:16:32,-0.691070556640625,-0.267608642578125,-0.781341552734375
620,621,2024-09-05 12:16:33,0.6378631591796875,-0.453125,1.2244720458984375
621,622,2024-09-05 12:16:34,0.1703948974609375,-0.5172271728515625,0.5309600830078125
622,623,2024-09-05 12:16:35,-0.773406982421875,-0.416168212890625,-0.372283935546875
623,624,2024-09-05 12:16:36,0.627105712890625,-0.4721527099609375,0.6888427734375
624,625,2024-09-05 12:16:37,-0.7574920654296875,-0.524139404296875,-0.424407958984375
625,626,2024-09-05 12:16:38,-0.3299407958984375,-0.757568359375,0.585052490234375
626,627,2024-09-05 12:16:39,-0.019775390625,0.136932373046875,1.1780548095703125
627,628,2024-09-05 12:16:40,-0.6114501953125,-0.4345703125,-0.66375732421875
628,629,2024-09-05 12:16:41,0.3004608154296875,-0.9506378173828125,0.3289031982421875
629,630,2024-09-05 12:16:42,-0.777008056640625,-0.2797088623046875,-0.4506378173828125
630,631,2024-09-05 12:16:43,-0.260986328125,-1.003997802734375,0.255157470703125
631,632,2024-09-05 12:16:44,-0.8788909912109375,-0.5975189208984375,-0.3355865478515625
632,633,2024-09-05 12:16:45,-0.03240966796875,-0.11834716796875,0.9290771484375
633,634,2024-09-05 12:16:46,-0.7292633056640625,-0.318756103515625,-0.6425323486328125
634,635,2024-09-05 12:16:47,0.02154541015625,-0.7233123779296875,0.8559112548828125
635,636,2024-09-05 12:16:48,-0.47711181640625,-0.6590423583984375,-0.6064605712890625
636,637,2024-09-05 12:16:49,-0.7810821533203125,0.17218017578125,-0.6381072998046875
637,638,2024-09-05 12:16:50,0.617889404296875,-0.35089111328125,0.7299041748046875
638,639,2024-09-05 12:16:51,-0.6208038330078125,-0.2596588134765625,-0.277679443359375
639,640,2024-09-05 12:16:52,0.5030975341796875,-0.2766876220703125,0.96685791015625
640,641,2024-09-05 12:16:53,-0.6735992431640625,-0.55047607421875,-0.792022705078125
641,642,2024-09-05 12:16:54,0.266571044921875,-0.8193817138671875,0.595672607421875
642,643,2024-09-05 12:16:56,-0.4725494384765625,-0.701385498046875,0.0553436279296875
643,644,2024-09-05 12:16:57,-0.23138427734375,-0.7894134521484375,0.4661712646484375
644,645,2024-09-05 12:16:58,-0.172943115234375,-0.6356964111328125,0.753173828125
645,646,2024-09-05 12:16:59,-0.4588623046875,-0.78607177734375,0.6024169921875
646,647,2024-09-05 12:17:00,-0.6723480224609375,-0.5666656494140625,0.4626312255859375
647,648,2024-09-05 12:17:01,0.5595855712890625,-0.6832275390625,0.8952178955078125
648,649,2024-09-05 12:17:02,-0.4930419921875,-0.5600738525390625,0.69305419921875
649,650,2024-09-05 12:17:04,-0.692840576171875,-0.3246612548828125,0.395111083984375
650,651,2024-09-05 12:17:06,-0.403533935546875,-0.93377685546875,0.3809814453125
651,652,2024-09-05 12:17:07,-0.781280517578125,-0.3813018798828125,-0.3361663818359375
652,653,2024-09-05 12:17:09,-0.5757293701171875,-0.39532470703125,-0.6844329833984375
653,654,2024-09-05 12:17:11,-0.817230224609375,-0.3099212646484375,-0.5178375244140625
654,655,2024-09-05 12:17:12,-0.55126953125,-0.7096099853515625,0.442779541015625
655,656,2024-09-05 12:17:14,-0.71722412109375,-0.215118408203125,-0.42791748046875
656,657,2024-09-05 12:17:15,0.1273651123046875,-0.5684967041015625,0.7868194580078125
657,658,2024-09-05 12:17:16,-0.9000244140625,-0.444488525390625,0.1328277587890625
658,659,2024-09-05 12:17:18,0.1995697021484375,-0.2642059326171875,0.93780517578125
659,660,2024-09-05 12:17:19,-0.7708587646484375,-0.6345672607421875,-0.48162841796875
660,661,2024-09-05 12:17:20,0.2943115234375,-0.2707366943359375,1.0758819580078125
661,662,2024-09-05 12:17:21,-0.806854248046875,-0.3948211669921875,-0.048797607421875
662,663,2024-09-05 12:17:23,-0.7021026611328125,-0.5946807861328125,-0.32269287109375
663,664,2024-09-05 12:17:24,-0.658233642578125,-0.50372314453125,-0.5583648681640625
664,665,2024-09-05 12:17:25,-0.04791259765625,-0.678558349609375,0.7904205322265625
665,666,2024-09-05 12:17:26,-0.842498779296875,-0.40802001953125,-0.0112152099609375
666,667,2024-09-05 12:17:28,-0.0016021728515625,-0.3981781005859375,0.9812774658203125
667,668,2024-09-05 12:17:29,-0.576873779296875,-0.2034912109375,-0.7079620361328125
668,669,2024-09-05 12:17:30,-0.528289794921875,-0.7432861328125,-0.1009063720703125
669,670,2024-09-05 12:17:31,0.5534820556640625,-0.3465728759765625,0.8565673828125
670,671,2024-09-05 12:17:33,-0.44635009765625,-0.8314971923828125,0.177459716796875
671,672,2024-09-05 12:17:34,0.173309326171875,-0.4509429931640625,1.1069488525390625
672,673,2024-09-05 12:17:35,-0.675689697265625,-0.3187255859375,-0.659088134765625
673,674,2024-09-05 12:17:36,-0.5894775390625,-0.7970428466796875,0.1147308349609375
674,675,2024-09-05 12:17:37,0.0975799560546875,-0.3570556640625,0.956695556640625
675,676,2024-09-05 12:17:40,-0.3870086669921875,-0.916778564453125,0.258636474609375
676,677,2024-09-05 12:17:41,-0.6326751708984375,-0.1147613525390625,0.5821075439453125
677,678,2024-09-05 12:17:42,-0.711273193359375,-0.2783966064453125,-0.7714996337890625
678,679,2024-09-05 12:17:43,-0.614532470703125,-0.5320587158203125,-0.5047760009765625
679,680,2024-09-05 12:17:44,-0.2374267578125,-0.814544677734375,0.427337646484375
680,681,2024-09-05 12:17:45,-0.7445068359375,-0.362060546875,-0.51055908203125
681,682,2024-09-05 12:17:46,-0.1489105224609375,-1.0029754638671875,-0.28021240234375
682,683,2024-09-05 12:17:47,-0.33038330078125,-0.824859619140625,-0.26568603515625
683,684,2024-09-05 12:17:48,-0.5064239501953125,0.0285491943359375,-0.865325927734375
684,685,2024-09-05 12:17:49,0.8070526123046875,-1.0842132568359375,0.105194091796875
685,686,2024-09-05 12:17:50,-0.6667633056640625,-0.5653839111328125,-0.1070556640625
686,687,2024-09-05 12:17:51,-0.338592529296875,0.0394287109375,-0.8941802978515625
687,688,2024-09-05 12:17:52,0.6714019775390625,-0.544708251953125,0.699615478515625
688,689,2024-09-05 12:17:53,-0.387451171875,-0.0282745361328125,-0.865020751953125
689,690,2024-09-05 12:17:54,0.063385009765625,-0.97259521484375,-0.137603759765625
690,691,2024-09-05 12:17:55,-0.31341552734375,0.17523193359375,-0.862640380859375
691,692,2024-09-05 12:17:56,-0.048553466796875,-0.92901611328125,0.575958251953125
692,693,2024-09-05 12:17:57,-0.571929931640625,0.318267822265625,-0.71124267578125
693,694,2024-09-05 12:17:58,0.131195068359375,-0.9945831298828125,-0.374542236328125
694,695,2024-09-05 12:17:59,-0.718780517578125,-0.2717742919921875,-0.4145355224609375
695,696,2024-09-05 12:18:00,-0.6061248779296875,-0.0574493408203125,-0.685089111328125
696,697,2024-09-05 12:18:01,-0.7206573486328125,-0.2048492431640625,-0.0873565673828125
697,698,2024-09-05 12:18:02,-0.593841552734375,-0.2191009521484375,-0.7174072265625
698,699,2024-09-05 12:18:03,-0.4810638427734375,-0.7519073486328125,0.63189697265625
699,700,2024-09-05 12:18:04,-0.42718505859375,0.27490234375,-0.83636474609375
700,701,2024-09-05 12:18:05,0.0969390869140625,-0.871551513671875,-0.362274169921875
701,702,2024-09-05 12:18:06,-0.802276611328125,0.0668487548828125,-0.4064178466796875
702,703,2024-09-05 12:18:07,-0.5145263671875,-0.8266754150390625,-0.339141845703125
703,704,2024-09-05 12:18:08,-0.599212646484375,-0.62933349609375,0.6378326416015625
704,705,2024-09-05 12:18:09,-0.2041168212890625,0.129364013671875,-0.913543701171875
705,706,2024-09-05 12:18:10,-0.12384033203125,-0.70123291015625,0.733306884765625
706,707,2024-09-05 12:18:11,-0.57379150390625,-0.081329345703125,-0.827545166015625
707,708,2024-09-05 12:18:12,0.3040924072265625,-1.097900390625,0.222137451171875
708,709,2024-09-05 12:18:14,-0.7541961669921875,-0.12158203125,-0.0824127197265625
709,710,2024-09-05 12:18:15,-0.1750335693359375,-0.6910400390625,-0.627838134765625
710,711,2024-09-05 12:18:16,-0.666748046875,-0.643951416015625,0.4273223876953125
711,712,2024-09-05 12:18:17,-0.2860870361328125,-0.2128143310546875,-0.902557373046875
712,713,2024-09-05 12:18:18,-0.4162139892578125,-0.7971038818359375,0.61993408203125
713,714,2024-09-05 12:18:19,-0.175689697265625,0.2594146728515625,-0.9710235595703125
714,715,2024-09-05 12:18:20,0.7810211181640625,-0.625,0.598388671875
715,716,2024-09-05 12:18:21,-0.2362823486328125,0.1074066162109375,-0.8812255859375
716,717,2024-09-05 12:18:22,-0.1769256591796875,-0.7686920166015625,-0.172943115234375
717,718,2024-09-05 12:18:23,-0.74310302734375,-0.4020843505859375,-0.4564971923828125
718,719,2024-09-05 12:18:24,0.14703369140625,-0.93670654296875,0.4631500244140625
719,720,2024-09-05 12:18:25,-0.5971527099609375,-0.4245452880859375,-0.8502197265625
720,721,2024-09-05 12:18:26,0.4267120361328125,-0.7316131591796875,0.556549072265625
721,722,2024-09-05 12:18:27,-0.7716827392578125,-0.25128173828125,-0.5890350341796875
722,723,2024-09-05 12:18:28,-0.2841033935546875,-0.7645111083984375,0.208160400390625
723,724,2024-09-05 12:18:29,-0.6011962890625,-0.6053924560546875,0.2323455810546875
724,725,2024-09-05 12:18:30,-0.44427490234375,-0.9788665771484375,0.211822509765625
725,726,2024-09-05 12:18:31,-0.3827362060546875,-0.5359039306640625,0.6045074462890625
726,727,2024-09-05 12:18:32,-0.625518798828125,-0.3969268798828125,-0.0978851318359375
727,728,2024-09-05 12:18:33,-0.205230712890625,-0.5263671875,0.7300872802734375
728,729,2024-09-05 12:18:34,-0.7830657958984375,0.4625244140625,-0.5269775390625
729,730,2024-09-05 12:18:35,0.5483245849609375,0.112945556640625,-0.95550537109375
730,731,2024-09-05 12:18:36,0.00384521484375,-0.010040283203125,-0.999267578125
731,732,2024-09-05 12:18:37,0.0032196044921875,-0.010223388671875,-0.998809814453125
732,733,2024-09-05 12:18:39,0.00537109375,-0.0101776123046875,-0.9975128173828125
733,734,2024-09-05 12:18:41,0.0030364990234375,-0.010284423828125,-0.999755859375
734,735,2024-09-05 12:18:42,0.00372314453125,-0.0096282958984375,-1.000762939453125
735,736,2024-09-05 12:18:43,0.0037078857421875,-0.01043701171875,-0.99932861328125
736,737,2024-09-05 12:18:45,0.0025482177734375,-0.0103912353515625,-0.9996185302734375
737,738,2024-09-05 12:18:46,0.0038299560546875,-0.0101165771484375,-0.9972686767578125
738,739,2024-09-05 12:18:47,0.004180908203125,-0.0102996826171875,-0.998809814453125
739,740,2024-09-05 12:18:48,0.0035247802734375,-0.0091552734375,-0.9979248046875
740,741,2024-09-05 12:18:49,0.0030670166015625,-0.009979248046875,-0.9997711181640625
741,742,2024-09-05 12:18:50,0.00341796875,-0.0101470947265625,-0.9989166259765625
742,743,2024-09-05 12:18:51,0.0039520263671875,-0.0098419189453125,-1.0012359619140625
743,744,2024-09-05 12:18:52,0.004058837890625,-0.0096282958984375,-1.004974365234375
744,745,2024-09-05 12:18:53,0.0027313232421875,-0.0103607177734375,-0.99981689453125
745,746,2024-09-05 12:18:54,0.0035400390625,-0.0104217529296875,-0.9989013671875
746,747,2024-09-05 12:18:55,0.003936767578125,-0.009490966796875,-0.9994964599609375
747,748,2024-09-05 12:18:56,0.0042572021484375,-0.0090179443359375,-0.9990997314453125
748,749,2024-09-05 12:18:57,0.0037384033203125,-0.0104522705078125,-0.9994964599609375
749,750,2024-09-05 12:18:59,0.0037841796875,-0.0104217529296875,-0.999603271484375
750,751,2024-09-05 12:19:00,0.002899169921875,-0.010040283203125,-0.999664306640625
751,752,2024-09-05 12:19:01,0.003814697265625,-0.0135650634765625,-1.0034027099609375
752,753,2024-09-05 12:19:02,0.003631591796875,-0.009796142578125,-0.9984283447265625
753,754,2024-09-05 12:19:03,0.0035247802734375,-0.0109710693359375,-1.0005035400390625
754,755,2024-09-05 12:19:04,0.0039520263671875,-0.01092529296875,-1.0001220703125
755,756,2024-09-05 12:19:05,0.00396728515625,-0.010894775390625,-0.999237060546875
756,757,2024-09-05 12:19:06,0.003204345703125,-0.0108184814453125,-0.99884033203125
757,758,2024-09-05 12:19:08,0.0033721923828125,-0.0098876953125,-0.9994964599609375
758,759,2024-09-05 12:19:10,0.0031890869140625,-0.010894775390625,-0.9994354248046875
759,760,2024-09-05 12:19:11,0.00445556640625,-0.0099334716796875,-0.99822998046875
760,761,2024-09-05 12:19:12,0.0035858154296875,-0.01019287109375,-0.9984588623046875
761,762,2024-09-05 12:19:13,0.0031890869140625,-0.01031494140625,-0.9988555908203125
762,763,2024-09-05 12:19:14,0.0038909912109375,-0.0099945068359375,-0.9995880126953125
763,764,2024-09-05 12:19:15,0.0038299560546875,-0.01025390625,-0.9991302490234375
764,765,2024-09-05 12:19:16,0.0041656494140625,-0.0105438232421875,-0.999603271484375
765,766,2024-09-05 12:19:17,0.003326416015625,-0.0102386474609375,-0.9979400634765625
766,767,2024-09-05 12:19:18,0.0030364990234375,-0.010101318359375,-0.99969482421875
767,768,2024-09-05 12:19:19,0.0031585693359375,-0.010009765625,-0.9998016357421875
768,769,2024-09-05 12:19:20,0.00372314453125,-0.011322021484375,-0.999481201171875
769,770,2024-09-05 12:19:21,0.0057220458984375,-0.0102386474609375,-0.99957275390625
770,771,2024-09-05 12:19:22,0.0034332275390625,-0.0100555419921875,-0.9993133544921875
771,772,2024-09-05 12:19:23,0.0036468505859375,-0.0103302001953125,-0.9990997314453125
772,773,2024-09-05 12:19:24,0.00445556640625,-0.0101470947265625,-0.9996337890625
773,774,2024-09-05 12:19:25,0.0039520263671875,-0.009613037109375,-0.9992523193359375
774,775,2024-09-05 12:19:27,0.0041656494140625,-0.009185791015625,-0.9990997314453125
775,776,2024-09-05 12:19:28,0.003814697265625,-0.010498046875,-0.9998626708984375
776,777,2024-09-05 12:19:29,0.00360107421875,-0.0100555419921875,-0.9987030029296875
777,778,2024-09-05 12:19:30,0.0038604736328125,-0.0103759765625,-0.99951171875
778,779,2024-09-05 12:19:31,0.004058837890625,-0.0111083984375,-1.0000152587890625
779,780,2024-09-05 12:19:32,0.0032958984375,-0.0108795166015625,-1.0002593994140625
780,781,2024-09-05 12:19:33,0.004058837890625,-0.0106964111328125,-0.999420166015625
781,782,2024-09-05 12:19:35,0.0032806396484375,-0.0102081298828125,-0.9988555908203125
782,783,2024-09-05 12:19:36,0.00421142578125,-0.0112152099609375,-0.999053955078125
783,784,2024-09-05 12:19:37,0.00347900390625,-0.010101318359375,-0.999298095703125
784,785,2024-09-05 12:19:38,0.0040283203125,-0.0107574462890625,-0.9994049072265625
785,786,2024-09-05 12:19:39,0.0033111572265625,-0.01055908203125,-0.9991607666015625
786,787,2024-09-05 12:19:40,0.00482177734375,-0.0098724365234375,-0.9994049072265625
787,788,2024-09-05 12:19:41,0.0037841796875,-0.0099029541015625,-0.999053955078125
788,789,2024-09-05 12:19:42,0.003631591796875,-0.0108642578125,-0.998016357421875
789,790,2024-09-05 12:19:43,0.003692626953125,-0.010284423828125,-0.99859619140625
790,791,2024-09-05 12:19:44,0.0035858154296875,-0.0106201171875,-0.99945068359375
791,792,2024-09-05 12:19:45,0.0029144287109375,-0.01031494140625,-1.0005950927734375
792,793,2024-09-05 12:19:46,0.0039520263671875,-0.0100860595703125,-1.0001983642578125
793,794,2024-09-05 12:19:47,0.0049591064453125,-0.0092926025390625,-1.000732421875
794,795,2024-09-05 12:19:48,0.003631591796875,-0.010833740234375,-1.0001983642578125
795,796,2024-09-05 12:19:49,0.003326416015625,-0.0106201171875,-0.9996490478515625
796,797,2024-09-05 12:19:50,0.003997802734375,-0.010833740234375,-0.999542236328125
797,798,2024-09-05 12:19:51,0.00390625,-0.0111846923828125,-0.9982147216796875
798,799,2024-09-05 12:19:52,0.004150390625,-0.0111236572265625,-0.9993896484375
799,800,2024-09-05 12:19:53,0.00341796875,-0.01080322265625,-0.99822998046875
800,801,2024-09-05 12:19:55,0.00311279296875,-0.0107421875,-0.998565673828125
801,802,2024-09-05 12:19:56,0.0027313232421875,-0.0113067626953125,-0.99969482421875
802,803,2024-09-05 12:19:57,0.00372314453125,-0.0102081298828125,-0.9981536865234375
803,804,2024-09-05 12:19:58,0.0028839111328125,-0.0106353759765625,-0.9991455078125
804,805,2024-09-05 12:19:59,0.004150390625,-0.0105743408203125,-0.9993896484375
805,806,2024-09-05 12:20:02,0.00372314453125,-0.0105438232421875,-0.9989776611328125
806,807,2024-09-05 12:20:03,0.0038604736328125,-0.010467529296875,-0.998504638671875
807,808,2024-09-05 12:20:04,0.0034637451171875,-0.0098876953125,-0.99835205078125
808,809,2024-09-05 12:20:06,0.003753662109375,-0.009979248046875,-0.999237060546875
809,810,2024-09-05 12:20:07,0.0038604736328125,-0.010162353515625,-0.999908447265625
810,811,2024-09-05 12:20:08,0.0045318603515625,-0.010467529296875,-1.0000762939453125
811,812,2024-09-05 12:20:09,0.0049285888671875,-0.01031494140625,-1.000457763671875
812,813,2024-09-05 12:20:10,0.0035552978515625,-0.0093994140625,-0.9994049072265625
813,814,2024-09-05 12:20:11,0.00347900390625,-0.010406494140625,-0.9988250732421875
814,815,2024-09-05 12:20:12,0.00390625,-0.010650634765625,-0.999542236328125
815,816,2024-09-05 12:20:13,0.0031280517578125,-0.00982666015625,-0.999298095703125
816,817,2024-09-05 12:20:14,0.0041046142578125,-0.009490966796875,-0.9997100830078125
817,818,2024-09-05 12:20:15,0.0032196044921875,-0.0105743408203125,-0.99853515625
818,819,2024-09-05 12:20:16,0.004852294921875,-0.0106964111328125,-0.999969482421875
819,820,2024-09-05 12:20:17,0.0044708251953125,-0.011016845703125,-0.9982757568359375
820,821,2024-09-05 12:20:18,0.0037078857421875,-0.0099945068359375,-1.0004119873046875
821,822,2024-09-05 12:20:20,0.0042266845703125,-0.0097808837890625,-1.000518798828125
822,823,2024-09-05 12:20:21,0.003753662109375,-0.010101318359375,-1.0
823,824,2024-09-05 12:20:22,0.0035247802734375,-0.010498046875,-0.9990234375
824,825,2024-09-05 12:20:23,0.004425048828125,-0.0106353759765625,-1.0004119873046875
825,826,2024-09-05 12:20:24,0.0036773681640625,-0.0098114013671875,-0.998748779296875
826,827,2024-09-05 12:20:25,0.003997802734375,-0.0101165771484375,-0.99981689453125
827,828,2024-09-05 12:20:26,0.0043487548828125,-0.010467529296875,-0.9993896484375
828,829,2024-09-05 12:20:27,0.00311279296875,-0.0110321044921875,-0.9995269775390625
829,830,2024-09-05 12:20:28,0.0031280517578125,-0.0104827880859375,-0.9984893798828125
830,831,2024-09-05 12:20:29,0.0037689208984375,-0.0106964111328125,-0.99969482421875
831,832,2024-09-05 12:20:30,0.003204345703125,-0.010955810546875,-0.9989166259765625
832,833,2024-09-05 12:20:31,0.0035858154296875,-0.0107574462890625,-0.999176025390625
833,834,2024-09-05 12:20:32,0.0044708251953125,-0.0099639892578125,-0.99951171875
834,835,2024-09-05 12:20:33,0.0042724609375,-0.0105438232421875,-0.9993438720703125
835,836,2024-09-05 12:20:34,0.00408935546875,-0.0102996826171875,-0.99920654296875
836,837,2024-09-05 12:20:35,0.0038604736328125,-0.011016845703125,-0.998931884765625
837,838,2024-09-05 12:20:37,0.004150390625,-0.009490966796875,-0.99945068359375
838,839,2024-09-05 12:20:38,0.0030975341796875,-0.0102081298828125,-0.9990692138671875
839,840,2024-09-05 12:20:39,0.003936767578125,-0.01043701171875,-0.99993896484375
840,841,2024-09-05 12:20:40,0.003326416015625,-0.0101776123046875,-0.9988555908203125
841,842,2024-09-05 12:20:41,0.0037841796875,-0.0102691650390625,-0.9989471435546875
842,843,2024-09-05 12:20:42,0.0037689208984375,-0.0098876953125,-0.998321533203125
843,844,2024-09-05 12:20:43,0.0038299560546875,-0.0103302001953125,-0.9997406005859375
844,845,2024-09-05 12:20:44,0.003448486328125,-0.0106658935546875,-0.999542236328125
845,846,2024-09-05 12:20:45,0.0041961669921875,-0.0105438232421875,-1.0001068115234375
846,847,2024-09-05 12:20:46,0.0037689208984375,-0.011077880859375,-0.9991455078125
847,848,2024-09-05 12:20:48,0.0038299560546875,-0.0102081298828125,-0.9992523193359375
848,849,2024-09-05 12:20:50,0.0044403076171875,-0.0101165771484375,-0.9995880126953125
849,850,2024-09-05 12:20:51,0.0037078857421875,-0.0106353759765625,-0.99945068359375
850,851,2024-09-05 12:20:52,0.003814697265625,-0.0109710693359375,-0.9994354248046875
851,852,2024-09-05 12:20:53,0.0031585693359375,-0.0100860595703125,-0.9994964599609375
852,853,2024-09-05 12:20:54,0.003143310546875,-0.010284423828125,-0.999969482421875
853,854,2024-09-05 12:20:55,0.0032958984375,-0.0108642578125,-0.9990997314453125
854,855,2024-09-05 12:20:56,0.0027008056640625,-0.010101318359375,-0.9989013671875
855,856,2024-09-05 12:20:57,0.0021209716796875,-0.010772705078125,-0.999969482421875
856,857,2024-09-05 12:20:58,0.0039215087890625,-0.010986328125,-0.9985809326171875
857,858,2024-09-05 12:20:59,0.003814697265625,-0.01129150390625,-0.999359130859375
858,859,2024-09-05 12:21:00,0.0042572021484375,-0.0099029541015625,-0.99932861328125
859,860,2024-09-05 12:21:01,0.0026397705078125,-0.011383056640625,-1.0012359619140625
860,861,2024-09-05 12:21:02,0.0030059814453125,-0.011199951171875,-0.9998931884765625
861,862,2024-09-05 12:21:03,0.004302978515625,-0.0101470947265625,-0.9988555908203125
862,863,2024-09-05 12:21:04,0.0037078857421875,-0.010467529296875,-0.99969482421875
863,864,2024-09-05 12:21:05,0.00372314453125,-0.0104827880859375,-0.9998779296875
864,865,2024-09-05 12:21:06,0.0041046142578125,-0.01031494140625,-0.9996795654296875
865,866,2024-09-05 12:21:07,0.0035552978515625,-0.0102386474609375,-0.9999542236328125
866,867,2024-09-05 12:21:08,0.0041046142578125,-0.010040283203125,-0.9985504150390625
867,868,2024-09-05 12:21:09,0.00408935546875,-0.010711669921875,-1.0000457763671875
868,869,2024-09-05 12:21:10,0.00347900390625,-0.0095367431640625,-0.998687744140625
869,870,2024-09-05 12:21:11,0.0040130615234375,-0.0105743408203125,-0.99932861328125
870,871,2024-09-05 12:21:13,0.00433349609375,-0.0099334716796875,-1.000274658203125
871,872,2024-09-05 12:21:14,0.003692626953125,-0.0109710693359375,-0.9994354248046875
872,873,2024-09-05 12:21:15,0.00335693359375,-0.0105743408203125,-1.0001373291015625
873,874,2024-09-05 12:21:16,0.0032806396484375,-0.0109405517578125,-0.99951171875
874,875,2024-09-05 12:21:17,0.0030059814453125,-0.0105743408203125,-0.9984130859375
875,876,2024-09-05 12:21:18,0.00360107421875,-0.010009765625,-0.99871826171875
876,877,2024-09-05 12:21:19,0.003173828125,-0.010040283203125,-0.998931884765625
877,878,2024-09-05 12:21:20,0.004302978515625,-0.0106048583984375,-0.999542236328125
878,879,2024-09-05 12:21:21,0.00311279296875,-0.010589599609375,-0.9998626708984375
879,880,2024-09-05 12:21:22,0.0053253173828125,-0.010284423828125,-1.00018310546875
880,881,2024-09-05 12:21:23,0.00323486328125,-0.0102691650390625,-0.999725341796875
881,882,2024-09-05 12:21:24,0.004547119140625,-0.010223388671875,-0.999755859375
882,883,2024-09-05 12:21:25,0.0037078857421875,-0.0103302001953125,-0.9998779296875
883,884,2024-09-05 12:21:26,0.002410888671875,-0.01055908203125,-0.9990386962890625
884,885,2024-09-05 12:21:28,0.0040283203125,-0.0103607177734375,-0.9990997314453125
885,886,2024-09-05 12:21:30,0.004425048828125,-0.0103607177734375,-1.00103759765625
886,887,2024-09-05 12:21:31,0.0045623779296875,-0.0106658935546875,-0.9999237060546875
887,888,2024-09-05 12:21:32,0.003082275390625,-0.0102691650390625,-0.9990234375
888,889,2024-09-05 12:21:33,0.0033416748046875,-0.0107269287109375,-0.998626708984375
889,890,2024-09-05 12:21:34,0.0031890869140625,-0.0101470947265625,-0.998291015625
890,891,2024-09-05 12:21:35,0.0027618408203125,-0.010162353515625,-0.99908447265625
891,892,2024-09-05 12:21:36,0.0044403076171875,-0.01055908203125,-0.9994354248046875
892,893,2024-09-05 12:21:37,0.0035400390625,-0.0094146728515625,-0.99957275390625
893,894,2024-09-05 12:21:38,0.0031585693359375,-0.0102996826171875,-0.9991912841796875
894,895,2024-09-05 12:21:39,0.003814697265625,-0.0101470947265625,-0.9967803955078125
895,896,2024-09-05 12:21:40,0.0031585693359375,-0.010711669921875,-0.99945068359375
896,897,2024-09-05 12:21:41,0.0038909912109375,-0.0103759765625,-1.000457763671875
897,898,2024-09-05 12:21:42,0.0037689208984375,-0.010772705078125,-0.9998016357421875
898,899,2024-09-05 12:21:43,0.0045318603515625,-0.010345458984375,-0.9988555908203125
899,900,2024-09-05 12:21:44,0.003265380859375,-0.0102996826171875,-0.99920654296875
900,901,2024-09-05 12:21:45,0.0030517578125,-0.010589599609375,-0.9992828369140625
901,902,2024-09-05 12:21:46,0.0036773681640625,-0.0102996826171875,-0.9996337890625
902,903,2024-09-05 12:21:47,0.0029449462890625,-0.0106048583984375,-0.999664306640625
903,904,2024-09-05 12:21:48,0.0033111572265625,-0.010284423828125,-0.9988250732421875
904,905,2024-09-05 12:21:51,0.0037078857421875,-0.0099334716796875,-0.998931884765625
905,906,2024-09-05 12:21:52,0.003509521484375,-0.010589599609375,-0.999969482421875
906,907,2024-09-05 12:21:53,0.0026702880859375,-0.010467529296875,-0.99896240234375
907,908,2024-09-05 12:21:54,0.003509521484375,-0.010650634765625,-1.0007476806640625
908,909,2024-09-05 12:21:55,0.00384521484375,-0.0106658935546875,-1.0002288818359375
909,910,2024-09-05 12:21:56,0.0039825439453125,-0.0113067626953125,-0.999755859375
910,911,2024-09-05 12:21:57,0.0034027099609375,-0.0101165771484375,-1.00048828125
911,912,2024-09-05 12:21:58,0.0030059814453125,-0.01080322265625,-0.998931884765625
912,913,2024-09-05 12:21:59,0.0035247802734375,-0.010101318359375,-0.9996185302734375
913,914,2024-09-05 12:22:00,0.0042724609375,-0.0108489990234375,-0.999969482421875
914,915,2024-09-05 12:22:01,0.0029754638671875,-0.0104522705078125,-0.9998626708984375
915,916,2024-09-05 12:22:02,0.0030059814453125,-0.010345458984375,-0.999847412109375
916,917,2024-09-05 12:22:03,0.003082275390625,-0.00970458984375,-0.998748779296875
917,918,2024-09-05 12:22:04,0.0042877197265625,-0.0106658935546875,-0.9997711181640625
918,919,2024-09-05 12:22:05,0.004180908203125,-0.0105743408203125,-0.9993133544921875
919,920,2024-09-05 12:22:06,0.0036468505859375,-0.010986328125,-1.0
920,921,2024-09-05 12:22:07,0.003875732421875,-0.0099639892578125,-0.9993133544921875
921,922,2024-09-05 12:22:08,0.0030059814453125,-0.0107879638671875,-1.0004425048828125
922,923,2024-09-05 12:22:09,0.003692626953125,-0.0105743408203125,-0.999359130859375
923,924,2024-09-05 12:22:10,0.0034942626953125,-0.0100555419921875,-1.0003814697265625
924,925,2024-09-05 12:22:11,0.0032958984375,-0.0108489990234375,-0.9983062744140625
925,926,2024-09-05 12:22:12,0.0039215087890625,-0.0103607177734375,-0.9993743896484375
926,927,2024-09-05 12:22:13,0.0041046142578125,-0.0101318359375,-0.9992523193359375
927,928,2024-09-05 12:22:14,0.003570556640625,-0.0079803466796875,-0.991363525390625
928,929,2024-09-05 12:22:15,0.0038299560546875,-0.0097808837890625,-0.99822998046875
929,930,2024-09-05 12:22:16,0.00311279296875,-0.010498046875,-1.0001373291015625
930,931,2024-09-05 12:22:17,0.004119873046875,-0.0099334716796875,-1.000640869140625
931,932,2024-09-05 12:22:18,0.00311279296875,-0.0095062255859375,-0.99810791015625
932,933,2024-09-05 12:22:19,0.0039825439453125,-0.0100555419921875,-0.9995269775390625
933,934,2024-09-05 12:22:20,0.0034942626953125,-0.0098876953125,-0.999786376953125
934,935,2024-09-05 12:22:21,0.0035552978515625,-0.0102081298828125,-0.9994049072265625
935,936,2024-09-05 12:22:22,0.00384521484375,-0.0104217529296875,-0.9990997314453125
936,937,2024-09-05 12:22:23,0.0031280517578125,-0.0101165771484375,-0.9986724853515625
937,938,2024-09-05 12:22:24,0.00408935546875,-0.010101318359375,-0.9999542236328125
938,939,2024-09-05 12:22:25,0.0028228759765625,-0.01043701171875,-0.9998626708984375
939,940,2024-09-05 12:22:26,0.0039215087890625,-0.0093231201171875,-0.9988250732421875
940,941,2024-09-05 12:22:27,0.0037841796875,-0.0099639892578125,-0.99981689453125
941,942,2024-09-05 12:22:28,0.00347900390625,-0.0115203857421875,-0.995025634765625
942,943,2024-09-05 12:22:29,0.0046844482421875,-0.0105133056640625,-0.9994049072265625
943,944,2024-09-05 12:22:31,0.0032958984375,-0.0106964111328125,-1.0015106201171875
944,945,2024-09-05 12:22:32,0.003387451171875,-0.0106658935546875,-0.9989013671875
945,946,2024-09-05 12:22:33,0.003509521484375,-0.0108642578125,-0.9991455078125
946,947,2024-09-05 12:22:34,0.003814697265625,-0.0104827880859375,-0.9995880126953125
947,948,2024-09-05 12:22:35,0.0044403076171875,-0.0112152099609375,-0.9992828369140625
948,949,2024-09-05 12:22:36,0.0040283203125,-0.0101470947265625,-1.000335693359375
949,950,2024-09-05 12:22:37,0.0038604736328125,-0.0106658935546875,-0.9998321533203125
950,951,2024-09-05 12:22:38,0.0038299560546875,-0.0111236572265625,-0.9992218017578125
951,952,2024-09-05 12:22:39,0.0041046142578125,-0.010223388671875,-0.9994964599609375
952,953,2024-09-05 12:22:40,0.0029296875,-0.0101165771484375,-0.9993743896484375
953,954,2024-09-05 12:22:41,0.0037384033203125,-0.010101318359375,-0.9992523193359375
954,955,2024-09-05 12:22:42,0.0036773681640625,-0.0103912353515625,-1.0002288818359375
955,956,2024-09-05 12:22:43,0.0037078857421875,-0.01080322265625,-0.999420166015625
956,957,2024-09-05 12:22:44,0.004302978515625,-0.0096435546875,-0.9996490478515625
957,958,2024-09-05 12:22:45,0.0034027099609375,-0.0100555419921875,-0.9996795654296875
958,959,2024-09-05 12:22:46,0.0031585693359375,-0.0096893310546875,-0.998504638671875
959,960,2024-09-05 12:22:47,0.0037841796875,-0.0101470947265625,-1.0009613037109375
960,961,2024-09-05 12:22:48,0.003753662109375,-0.0106658935546875,-1.000091552734375
961,962,2024-09-05 12:22:49,0.004150390625,-0.0109100341796875,-0.998626708984375
962,963,2024-09-05 12:22:50,0.003631591796875,-0.010955810546875,-1.0003814697265625
963,964,2024-09-05 12:22:51,0.003570556640625,-0.0102386474609375,-1.0001678466796875
964,965,2024-09-05 12:22:52,0.0041961669921875,-0.0092620849609375,-0.9992523193359375
965,966,2024-09-05 12:22:53,0.0032196044921875,-0.009857177734375,-0.998382568359375
966,967,2024-09-05 12:22:54,0.0037384033203125,-0.0095977783203125,-1.0000457763671875
967,968,2024-09-05 12:22:55,0.00445556640625,-0.0112762451171875,-0.999847412109375
968,969,2024-09-05 12:22:56,0.0034942626953125,-0.0102996826171875,-1.000457763671875
969,970,2024-09-05 12:22:58,0.0045166015625,-0.0102996826171875,-0.999298095703125
970,971,2024-09-05 12:22:59,0.003570556640625,-0.0106658935546875,-0.9990997314453125
971,972,2024-09-05 12:23:00,0.00341796875,-0.0102081298828125,-0.9973602294921875
972,973,2024-09-05 12:23:01,0.002166748046875,-0.00860595703125,-1.0009765625
973,974,2024-09-05 12:23:02,0.003936767578125,-0.0090179443359375,-1.0009002685546875
974,975,2024-09-05 12:23:03,0.0036163330078125,-0.009918212890625,-0.9997100830078125
975,976,2024-09-05 12:23:04,0.003326416015625,-0.0099639892578125,-1.0006561279296875
976,977,2024-09-05 12:23:05,0.0037384033203125,-0.00994873046875,-1.00018310546875
977,978,2024-09-05 12:23:06,0.004608154296875,-0.0107879638671875,-1.0008544921875
978,979,2024-09-05 12:23:07,0.004364013671875,-0.009735107421875,-0.999420166015625
979,980,2024-09-05 12:23:09,0.0030517578125,-0.009124755859375,-0.999267578125
980,981,2024-09-05 12:23:10,0.0041961669921875,-0.00933837890625,-0.999298095703125
981,982,2024-09-05 12:23:11,0.0034637451171875,-0.009490966796875,-1.0022735595703125
982,983,2024-09-05 12:23:13,0.0027618408203125,-0.0100555419921875,-0.9989166259765625
983,984,2024-09-05 12:23:15,0.0039215087890625,-0.0097808837890625,-0.998809814453125
984,985,2024-09-05 12:23:16,0.00372314453125,-0.009857177734375,-1.000152587890625
985,986,2024-09-05 12:23:17,0.0038909912109375,-0.009674072265625,-0.9989471435546875
986,987,2024-09-05 12:23:18,0.00347900390625,-0.0131072998046875,-0.999725341796875
987,988,2024-09-05 12:23:19,0.003814697265625,-0.010528564453125,-1.002471923828125
988,989,2024-09-05 12:23:20,0.003570556640625,-0.0093231201171875,-0.999969482421875
989,990,2024-09-05 12:23:21,0.0037384033203125,-0.01068115234375,-0.9993133544921875
990,991,2024-09-05 12:23:22,0.001678466796875,-0.0114288330078125,-1.000213623046875
991,992,2024-09-05 12:23:24,0.0044403076171875,-0.0096588134765625,-0.9985198974609375
992,993,2024-09-05 12:23:26,0.0039215087890625,-0.0106964111328125,-1.0006103515625
993,994,2024-09-05 12:23:27,0.0036773681640625,-0.0096588134765625,-0.99951171875
994,995,2024-09-05 12:23:29,0.0026397705078125,-0.00933837890625,-0.9998016357421875
995,996,2024-09-05 12:23:30,0.0032958984375,-0.0097808837890625,-1.000152587890625
996,997,2024-09-05 12:23:32,0.0027618408203125,-0.0102386474609375,-0.999359130859375
997,998,2024-09-05 12:23:33,0.0030975341796875,-0.010009765625,-1.001007080078125
998,999,2024-09-05 12:23:34,0.0039520263671875,-0.0103759765625,-0.9995880126953125
999,1000,2024-09-05 12:23:35,0.0031890869140625,-0.0096893310546875,-1.0003814697265625
