Timestamp,Humidity,Temperature
20240722005331,57.90,18.50
20240722005341,57.60,18.50
20240722005351,57.50,18.60
20240722005401,58.20,18.70
20240722005411,57.60,18.70
20240722005421,57.40,18.70
20240722005431,57.50,18.80
20240722005441,57.30,18.80
20240722005451,57.40,18.80
20240722005501,57.60,18.80
20240722005511,57.30,18.80
20240722005521,57.30,18.70
20240722005531,57.30,18.70
20240722005541,57.60,18.60
20240722005551,57.50,18.60
20240722005601,57.40,18.50
20240722005611,57.30,18.50
20240722005622,57.70,18.40
20240722005632,57.90,18.40
20240722005642,58.20,18.40
20240722005652,57.90,18.30
20240722005702,58.00,18.30
20240722005712,58.50,18.30
20240722005722,58.00,18.30
20240722005732,58.00,18.20
20240722005742,58.20,18.20
20240722005752,58.20,18.20
20240722005802,58.30,18.10
20240722005812,58.70,18.10
20240722005822,58.30,18.10
20240722005832,58.10,18.00
20240722005842,58.30,18.00
20240722005852,58.30,18.00
20240722005902,58.50,18.00
20240722005912,58.60,17.90
20240722005922,58.80,17.80
20240722005932,58.60,17.80
20240722005942,58.60,17.80
20240722005952,58.70,17.80
20240722010002,58.70,17.80
20240722010012,58.80,17.80
20240722010022,59.00,17.70
20240722010032,58.90,17.70
20240722010042,59.00,17.60
20240722010052,59.10,17.60
20240722010102,58.90,17.60
20240722010112,58.90,17.60
20240722010122,58.80,17.60
20240722010132,59.00,17.50
20240722010142,59.10,17.50
20240722010152,59.50,17.40
20240722010202,59.70,17.40
20240722010212,59.70,17.40
20240722010222,59.60,17.40
20240722010232,59.60,17.40
20240722010242,59.90,17.40
20240722010252,59.70,17.40
20240722010302,59.60,17.50
20240722010312,59.60,17.50
20240722010322,59.30,17.50
20240722010332,59.30,17.50
20240722010342,59.40,17.50
20240722010352,59.40,17.50
20240722010402,59.40,17.50
20240722010412,59.30,17.50
20240722010422,59.40,17.40
20240722010432,59.40,17.40
20240722010442,59.30,17.40
20240722010452,59.20,17.40
20240722010502,59.30,17.40
20240722010512,59.50,17.30
20240722010522,59.50,17.30
20240722010532,59.60,17.30
20240722010542,59.60,17.20
20240722010552,59.50,17.20
20240722010602,59.50,17.20
20240722010612,59.50,17.20
20240722010622,59.50,17.20
20240722010632,59.80,17.10
20240722010642,59.90,17.10
20240722010652,60.10,17.10
20240722010702,60.00,17.10
20240722010712,59.90,17.20
20240722010722,59.90,17.20
20240722010732,59.70,17.20
20240722010742,59.60,17.20
20240722010752,59.60,17.20
20240722010802,59.60,17.20
20240722010812,59.70,17.20
20240722010822,59.80,17.10
20240722010832,59.80,17.00
20240722010842,59.80,17.00
20240722010852,59.90,17.00
20240722010902,60.00,17.00
20240722010912,60.10,17.00
20240722010922,60.10,17.00
20240722010932,60.10,16.90
20240722010942,60.00,16.90
20240722010952,60.10,16.90
20240722011002,60.10,16.90
20240722011012,60.20,16.90
20240722011022,60.20,16.90
20240722011032,60.20,16.90
20240722011042,60.30,16.90
20240722011052,60.20,17.00
20240722011102,60.30,17.00
20240722011112,60.30,17.00
20240722011122,60.20,16.90
20240722011132,60.30,17.00
20240722011142,60.20,16.90
20240722011152,60.20,16.90
20240722011202,60.30,16.90
20240722011212,60.40,16.90
20240722011222,60.30,16.90
20240722011232,60.20,16.90
20240722011242,60.20,17.00
20240722011252,60.20,16.90
20240722011302,60.20,16.90
20240722011312,60.20,16.90
20240722011322,60.10,16.90
20240722011332,60.20,16.90
20240722011342,60.10,16.90
20240722011352,60.10,16.90
20240722011402,60.10,16.90
20240722011412,60.10,16.90
20240722011422,60.30,16.90
20240722011432,60.50,16.90
20240722011442,60.40,16.80
20240722011452,60.50,16.80
20240722011502,60.40,16.90
20240722011512,60.30,16.90
20240722011522,60.40,16.90
20240722011532,60.40,16.90
20240722011542,60.40,16.90
20240722011552,60.50,16.90
20240722011602,60.50,16.90
20240722011612,60.50,16.90
20240722011622,60.30,16.90
20240722011632,60.30,16.90
20240722011642,60.20,17.00
20240722011652,60.40,17.00
20240722011702,60.20,17.00
20240722011712,60.10,17.00
20240722011722,60.10,16.90
20240722011732,60.20,16.90
20240722011742,60.30,16.90
20240722011752,60.20,16.90
20240722011802,60.40,16.90
20240722011812,60.40,16.80
20240722011822,60.40,16.80
20240722011832,60.40,16.80
20240722011842,60.30,16.80
20240722011852,60.50,16.80
20240722011902,60.70,16.80
20240722011912,60.60,16.80
20240722011922,60.50,16.80
20240722011932,60.50,16.80
20240722011943,60.70,16.80
20240722011953,60.70,16.80
20240722012003,60.60,16.80
20240722012013,60.50,16.80
20240722012023,60.50,16.80
20240722012033,60.40,16.80
20240722012043,60.40,16.80
20240722012053,60.50,16.80
20240722012103,60.60,16.80
20240722012113,60.50,16.80
20240722012123,60.50,16.80
20240722012133,60.70,16.80
20240722012143,60.60,16.80
20240722012153,60.40,16.80
20240722012203,60.50,16.90
20240722012213,60.40,16.90
20240722012223,60.40,16.80
20240722012233,60.30,16.90
20240722012243,60.40,16.80
20240722012253,60.40,16.80
20240722012303,60.40,16.80
20240722012313,60.40,16.80
20240722012323,60.40,16.80
20240722012333,60.50,16.80
20240722012343,60.70,16.80
20240722012353,60.40,16.80
20240722012403,60.40,16.80
20240722012413,60.40,16.80
20240722012423,60.40,16.80
20240722012433,60.60,16.80
20240722012443,60.50,16.80
20240722012453,60.50,16.80
20240722012503,60.50,16.80
20240722012513,60.40,16.80
20240722012523,60.40,16.80
20240722012533,60.50,16.80
20240722012543,60.30,16.80
20240722012553,60.50,16.80
20240722012603,60.50,16.80
20240722012613,60.40,16.70
20240722012623,60.50,16.70
20240722012633,60.70,16.70
20240722012643,60.60,16.70
20240722012653,60.50,16.70
20240722012703,60.60,16.70
20240722012713,60.70,16.70
20240722012723,60.70,16.70
20240722012733,60.70,16.60
20240722012743,60.80,16.60
20240722012753,61.00,16.60
20240722012803,61.10,16.60
20240722012813,61.10,16.60
20240722012823,60.80,16.70
20240722012833,60.70,16.70
20240722012843,60.90,16.70
20240722012853,60.90,16.70
20240722012903,60.70,16.80
20240722012913,60.80,16.80
20240722012923,60.70,16.80
20240722012933,60.70,16.80
20240722012943,60.60,16.90
20240722012953,60.50,16.90
20240722013003,60.50,16.90
20240722013013,60.60,16.90
20240722013023,60.50,16.90
20240722013033,60.40,16.90
20240722013043,60.30,16.90
20240722013053,60.40,16.90
20240722013103,60.40,16.90
20240722013113,60.60,16.90
20240722013123,60.50,16.90
20240722013133,60.30,16.90
20240722013143,60.20,17.00
20240722013153,60.40,16.90
20240722013203,60.40,16.90
20240722013213,60.50,17.00
20240722013223,60.40,17.00
20240722013233,60.20,17.00
20240722013243,60.10,17.00
20240722013253,60.30,17.00
20240722013303,60.20,17.00
20240722013313,60.40,17.00
20240722013323,60.20,17.00
20240722013333,60.20,17.00
20240722013343,60.10,17.00
20240722013353,60.10,16.90
20240722013403,60.20,16.90
20240722013413,60.20,16.90
20240722013423,60.50,16.90
20240722013433,60.40,16.90
20240722013443,60.30,16.80
20240722013453,60.30,16.80
20240722013503,60.40,16.80
20240722013513,60.50,16.80
20240722013523,60.50,16.80
20240722013533,60.70,16.80
20240722013543,60.60,16.80
20240722013553,60.70,16.80
20240722013603,60.70,16.80
20240722013613,60.40,16.80
20240722013623,60.50,16.80
20240722013633,60.60,16.80
20240722013643,60.50,16.80
20240722013653,60.50,16.80
20240722013703,60.50,16.80
20240722013713,60.60,16.80
20240722013723,60.70,16.80
20240722013733,60.80,16.80
20240722013743,60.70,16.80
20240722013753,60.70,16.80
20240722013803,60.60,16.80
20240722013813,60.60,16.80
20240722013823,60.50,16.80
20240722013833,60.70,16.80
20240722013843,60.80,16.80
20240722013853,60.90,16.80
20240722013903,60.90,16.80
20240722013913,60.80,16.80
20240722013923,61.10,16.80
20240722013933,61.00,16.80
20240722013943,60.70,16.80
20240722013953,60.60,16.90
20240722014003,60.60,16.90
20240722014013,60.70,16.90
20240722014023,60.60,16.90
20240722014033,60.70,17.00
20240722014043,60.70,17.00
20240722014053,60.50,17.00
20240722014103,60.40,17.00
20240722014113,60.30,17.00
20240722014123,60.20,17.00
20240722014133,60.20,17.00
20240722014143,60.40,17.00
20240722014153,60.40,17.00
20240722014203,60.50,17.00
20240722014213,60.30,17.00
20240722014223,60.40,17.00
20240722014234,60.40,17.00
20240722014244,60.30,17.00
20240722014254,60.20,17.00
20240722014304,60.40,17.00
20240722014314,60.40,17.00
20240722014324,60.60,17.00
20240722014334,60.50,16.90
20240722014344,60.70,16.90
20240722014354,60.70,16.90
20240722014404,60.80,16.80
20240722014414,61.00,16.80
20240722014424,61.00,16.80
20240722014434,61.00,16.80
20240722014444,61.00,16.80
20240722014454,61.00,16.80
20240722014504,61.20,16.80
20240722014514,61.00,16.80
20240722014524,61.00,16.80
20240722014534,61.00,16.80
20240722014544,61.00,16.80
20240722014554,61.10,16.80
20240722014604,61.00,16.80
20240722014614,61.20,16.80
20240722014624,61.10,16.80
20240722014634,61.10,16.80
20240722014644,61.10,16.80
20240722014654,61.20,16.80
20240722014704,61.00,16.80
20240722014714,60.90,16.80
20240722014724,61.00,16.80
20240722014734,61.00,16.70
20240722014744,61.10,16.70
20240722014754,61.20,16.70
20240722014804,61.30,16.70
20240722014814,61.30,16.60
20240722014824,61.40,16.60
20240722014834,61.40,16.60
20240722014844,61.40,16.60
20240722014854,61.40,16.60
20240722014904,61.50,16.60
20240722014914,61.60,16.60
20240722014924,61.40,16.70
20240722014934,61.30,16.70
20240722014944,61.20,16.70
20240722014954,61.20,16.70
20240722015004,61.10,16.60
20240722015014,61.20,16.60
20240722015024,61.20,16.50
20240722015034,61.40,16.50
20240722015044,61.50,16.50
20240722015054,61.60,16.50
20240722015104,61.70,16.50
20240722015114,61.70,16.50
20240722015124,61.60,16.50
20240722015134,61.70,16.50
20240722015144,61.60,16.50
20240722015154,61.60,16.50
20240722015204,61.70,16.50
20240722015214,61.80,16.50
20240722015224,61.90,16.50
20240722015234,61.70,16.50
20240722015244,61.70,16.40
20240722015254,61.70,16.40
20240722015304,61.80,16.40
20240722015314,61.90,16.40
20240722015324,62.10,16.40
20240722015334,61.90,16.40
20240722015344,62.10,16.40
20240722015354,61.90,16.40
20240722015404,61.80,16.40
20240722015414,61.80,16.40
20240722015424,61.80,16.40
20240722015434,61.90,16.40
20240722015444,61.80,16.40
20240722015454,61.80,16.40
20240722015504,61.80,16.40
20240722015514,61.80,16.40
20240722015524,62.00,16.30
20240722015534,62.10,16.20
20240722015544,62.10,16.20
20240722015554,62.10,16.20
20240722015604,62.20,16.20
20240722015614,62.20,16.20
20240722015624,62.30,16.20
20240722015634,62.40,16.20
20240722015644,62.20,16.30
20240722015654,62.10,16.30
20240722015704,62.20,16.30
20240722015714,62.20,16.30
20240722015724,62.10,16.30
20240722015734,62.10,16.30
20240722015744,62.20,16.20
20240722015754,62.20,16.20
20240722015804,62.30,16.20
20240722015814,62.40,16.30
20240722015824,62.30,16.30
20240722015834,62.20,16.20
20240722015844,62.20,16.30
20240722015854,62.10,16.30
20240722015904,62.10,16.20
20240722015914,62.10,16.30
20240722015924,62.10,16.20
20240722015934,62.20,16.20
20240722015944,62.30,16.20
20240722015954,62.40,16.20
20240722020004,62.50,16.20
20240722020014,62.60,16.20
20240722020024,62.40,16.20
20240722020034,62.30,16.10
20240722020044,62.30,16.20
20240722020054,62.40,16.20
20240722020104,62.30,16.20
20240722020114,62.30,16.30
20240722020124,62.30,16.30
20240722020134,62.40,16.30
20240722020144,62.10,16.30
20240722020154,62.10,16.30
20240722020204,62.10,16.20
20240722020214,62.30,16.20
20240722020224,62.20,16.20
20240722020234,62.20,16.30
20240722020244,62.20,16.30
20240722020254,62.20,16.40
20240722020304,62.20,16.40
20240722020314,62.10,16.40
20240722020324,62.00,16.40
20240722020334,62.10,16.40
20240722020344,62.00,16.40
20240722020354,62.00,16.40
20240722020404,62.10,16.40
20240722020414,62.00,16.40
20240722020424,62.00,16.30
20240722020434,62.10,16.30
20240722020444,62.10,16.40
20240722020454,62.10,16.40
20240722020504,62.00,16.40
20240722020514,61.90,16.40
20240722020524,62.00,16.30
20240722020535,62.00,16.30
20240722020545,62.20,16.30
20240722020555,62.20,16.30
20240722020605,62.10,16.30
20240722020615,62.10,16.30
20240722020625,62.00,16.40
20240722020635,61.90,16.40
20240722020645,62.00,16.40
20240722020655,62.10,16.40
20240722020705,62.00,16.40
20240722020715,62.00,16.40
20240722020725,61.70,16.40
20240722020735,61.80,16.40
20240722020745,61.80,16.40
20240722020755,61.90,16.40
20240722020805,61.80,16.40
20240722020815,61.90,16.40
20240722020825,62.00,16.40
20240722020835,62.00,16.40
20240722020845,62.00,16.40
20240722020855,62.00,16.40
20240722020905,62.00,16.40
20240722020915,62.10,16.40
20240722020925,62.10,16.40
20240722020935,62.20,16.40
20240722020945,62.20,16.40
20240722020955,62.00,16.40
20240722021005,61.80,16.40
20240722021015,61.70,16.40
20240722021025,61.80,16.40
20240722021035,61.70,16.40
20240722021045,61.80,16.40
20240722021055,62.00,16.40
20240722021105,61.90,16.40
20240722021115,61.90,16.40
20240722021125,61.90,16.40
20240722021135,62.00,16.40
20240722021145,61.90,16.40
20240722021155,61.80,16.40
20240722021205,61.80,16.40
20240722021215,61.80,16.40
20240722021225,61.90,16.40
20240722021235,61.80,16.40
20240722021245,61.60,16.40
20240722021255,61.70,16.40
20240722021305,61.90,16.40
20240722021315,61.90,16.40
20240722021325,61.90,16.40
20240722021335,61.80,16.40
20240722021345,61.90,16.40
20240722021355,61.70,16.50
20240722021405,61.80,16.50
20240722021415,61.80,16.50
20240722021425,61.60,16.50
20240722021435,61.60,16.50
20240722021445,61.60,16.50
20240722021455,61.60,16.50
20240722021505,61.60,16.50
20240722021515,61.50,16.60
20240722021525,61.40,16.60
20240722021535,61.40,16.60
20240722021545,61.30,16.60
20240722021555,61.30,16.60
20240722021605,61.10,16.60
20240722021615,61.00,16.60
20240722021625,61.10,16.60
20240722021635,61.40,16.50
20240722021645,61.70,16.50
20240722021655,61.90,16.50
20240722021705,61.90,16.50
20240722021715,61.90,16.60
20240722021725,61.90,16.60
20240722021735,61.80,16.70
20240722021745,61.70,16.80
20240722021755,61.50,16.80
20240722021805,61.40,16.90
20240722021815,61.20,17.00
20240722021825,61.10,17.00
20240722021835,60.90,17.10
20240722021845,60.70,17.20
20240722021855,60.50,17.20
20240722021905,60.40,17.40
20240722021915,60.20,17.40
20240722021925,60.10,17.50
20240722021935,60.00,17.60
20240722021945,59.80,17.60
20240722021955,59.70,17.70
20240722022005,59.60,17.80
20240722022015,59.50,17.80
20240722022025,59.30,17.90
20240722022035,59.10,18.00
20240722022045,59.00,18.00
20240722022055,58.80,18.10
20240722022105,58.70,18.10
20240722022115,58.60,18.20
20240722022125,58.40,18.30
20240722022135,58.30,18.30
20240722022145,58.20,18.40
20240722022155,58.00,18.40
20240722022205,57.90,18.40
20240722022215,57.90,18.50
20240722022225,57.90,18.50
20240722022235,57.80,18.50
20240722022245,57.80,18.60
20240722022255,57.80,18.60
20240722022305,57.70,18.60
20240722022315,57.60,18.60
20240722022325,57.60,18.70
20240722022335,57.60,18.70
20240722022345,57.50,18.70
20240722022355,57.50,18.80
20240722022405,57.40,18.80
20240722022415,57.30,18.80
20240722022425,57.30,18.80
20240722022435,57.20,18.80
20240722022445,57.10,18.90
20240722022455,57.00,18.90
20240722022505,57.10,18.90
20240722022515,57.00,18.90
20240722022525,57.00,19.00
20240722022535,57.00,19.00
20240722022545,56.90,19.00
20240722022555,56.80,19.00
20240722022605,56.80,19.00
20240722022615,56.70,19.10
20240722022625,56.70,19.10
20240722022635,56.70,19.10
20240722022645,56.70,19.10
20240722022655,56.60,19.10
20240722022705,56.60,19.10
20240722022715,56.60,19.20
20240722022725,56.50,19.20
20240722022735,56.50,19.20
20240722022745,56.50,19.20
20240722022755,56.50,19.20
20240722022805,56.50,19.20
20240722022816,56.40,19.20
20240722022826,56.40,19.30
20240722022836,56.30,19.30
20240722022846,56.30,19.30
20240722022856,56.30,19.30
20240722022906,56.30,19.30
20240722022916,56.30,19.30
20240722022926,56.20,19.30
20240722022936,56.20,19.40
20240722022946,56.20,19.40
20240722022956,56.20,19.40
20240722023006,56.10,19.40
20240722023016,56.10,19.40
20240722023026,56.10,19.40
20240722023036,56.10,19.50
20240722023046,56.00,19.50
20240722023056,56.00,19.50
20240722023106,56.00,19.50
20240722023116,56.00,19.50
20240722023126,55.90,19.50
20240722023136,55.90,19.50
20240722023146,55.90,19.50
20240722023156,55.90,19.50
20240722023206,55.80,19.50
20240722023216,55.80,19.50
20240722023226,55.80,19.60
20240722023236,55.80,19.60
20240722023246,55.80,19.60
20240722023256,55.70,19.50
20240722023306,55.70,19.60
20240722023316,55.70,19.60
20240722023326,55.70,19.60
20240722023336,55.70,19.60
20240722023346,55.70,19.60
20240722023356,55.60,19.70
20240722023406,55.60,19.60
20240722023416,55.60,19.70
20240722023426,55.60,19.70
20240722023436,55.50,19.70
20240722023446,55.60,19.70
20240722023456,55.60,19.70
20240722023506,55.60,19.70
20240722023516,55.50,19.70
20240722023526,55.50,19.70
20240722023536,55.50,19.70
20240722023546,55.50,19.70
20240722023556,55.60,19.70
20240722023606,55.50,19.70
20240722023616,55.50,19.70
20240722023626,55.50,19.70
20240722023636,55.50,19.70
20240722023646,55.50,19.70
20240722023656,55.50,19.70
20240722023706,55.50,19.70
20240722023716,55.50,19.70
20240722023726,55.50,19.70
20240722023736,55.50,19.70
20240722023746,55.50,19.70
20240722023756,55.50,19.70
20240722023806,55.50,19.70
20240722023816,55.40,19.70
20240722023826,55.40,19.70
20240722023836,55.40,19.70
20240722023846,55.40,19.70
20240722023856,55.40,19.70
20240722023906,55.40,19.70
20240722023916,55.40,19.70
20240722023926,55.40,19.70
20240722023936,55.40,19.70
20240722023946,55.40,19.70
20240722023956,55.50,19.70
20240722024006,55.50,19.70
20240722024016,55.40,19.70
20240722024026,55.40,19.70
20240722024036,55.40,19.70
20240722024046,55.50,19.70
20240722024056,55.50,19.70
20240722024106,55.50,19.70
20240722024116,55.50,19.70
20240722024126,55.50,19.70
20240722024136,55.50,19.70
20240722024146,55.50,19.70
20240722024156,55.50,19.70
20240722024206,55.50,19.70
20240722024216,55.40,19.70
20240722024226,55.50,19.70
20240722024236,55.40,19.70
20240722024246,55.50,19.70
20240722024256,55.50,19.70
20240722024306,55.40,19.70
20240722024316,55.40,19.70
20240722024326,55.40,19.70
20240722024336,55.50,19.70
20240722024346,55.50,19.70
20240722024356,55.50,19.70
20240722024406,55.50,19.70
20240722024416,55.50,19.70
20240722024426,55.50,19.70
20240722024436,55.50,19.70
20240722024446,55.50,19.70
20240722024456,55.50,19.70
20240722024506,55.50,19.70
20240722024516,55.50,19.70
20240722024526,55.50,19.70
20240722024536,55.50,19.70
20240722024546,55.50,19.70
20240722024556,55.50,19.70
20240722024606,55.50,19.70
20240722024616,55.50,19.70
20240722024626,55.50,19.70
20240722024636,55.50,19.70
20240722024646,55.50,19.70
20240722024656,55.50,19.70
20240722024706,55.50,19.70
20240722024716,55.50,19.70
20240722024726,55.50,19.70
20240722024736,55.50,19.70
20240722024746,55.50,19.70
20240722024756,55.50,19.70
20240722024806,55.50,19.70
20240722024816,55.50,19.70
20240722024826,55.50,19.70
20240722024836,55.50,19.70
20240722024846,55.50,19.70
20240722024856,55.50,19.70
20240722024906,55.50,19.70
20240722024916,55.50,19.70
20240722024926,55.50,19.70
20240722024936,55.50,19.70
20240722024946,55.50,19.70
20240722024956,55.50,19.70
20240722025006,55.50,19.70
20240722025016,55.50,19.70
20240722025026,55.50,19.70
20240722025036,55.50,19.70
20240722025046,55.40,19.70
20240722025057,55.50,19.70
20240722025107,55.40,19.70
20240722025117,55.40,19.70
20240722025127,55.40,19.70
20240722025137,55.40,19.70
20240722025147,55.40,19.70
20240722025157,55.50,19.70
20240722025207,55.40,19.70
20240722025217,55.40,19.70
20240722025227,55.40,19.70
20240722025237,55.40,19.70
20240722025247,55.40,19.70
20240722025257,55.40,19.70
20240722025307,55.40,19.70
20240722025317,55.40,19.70
20240722025327,55.40,19.80
20240722025337,55.40,19.80
20240722025347,55.40,19.80
20240722025357,55.40,19.70
20240722025407,55.40,19.80
20240722025417,55.40,19.80
20240722025427,55.40,19.80
20240722025437,55.40,19.80
20240722025447,55.40,19.80
20240722025457,55.40,19.80
20240722025507,55.40,19.80
20240722025517,55.40,19.80
20240722025527,55.40,19.80
20240722025537,55.40,19.80
20240722025547,55.30,19.90
20240722025557,55.30,19.90
20240722025607,55.30,19.90
20240722025617,55.30,19.90
20240722025627,55.30,19.90
20240722025637,55.30,19.90
20240722025647,55.30,19.90
20240722025657,55.30,19.90
20240722025707,55.30,19.90
20240722025717,55.30,19.90
20240722025727,55.30,19.90
20240722025737,55.30,19.90
20240722025747,55.30,19.90
20240722025757,55.30,19.90
20240722025807,55.30,19.90
20240722025817,55.30,19.90
20240722025827,55.30,19.90
20240722025837,55.30,20.00
20240722025847,55.30,19.90
20240722025857,55.30,20.00
20240722025907,55.30,20.00
20240722025917,55.20,20.00
20240722025927,55.20,20.00
20240722025937,55.20,20.00
20240722025947,55.30,20.00
20240722025957,55.30,20.00
20240722030007,55.30,20.00
20240722030017,55.20,20.00
20240722030027,55.20,20.00
20240722030037,55.20,20.00
20240722030047,55.20,20.00
20240722030057,55.20,20.00
20240722030107,55.20,20.00
20240722030117,55.20,20.00
20240722030127,55.20,20.00
20240722030137,55.20,20.00
20240722030147,55.20,20.00
20240722030157,55.10,20.00
20240722030207,55.20,20.00
20240722030217,55.20,20.00
20240722030227,55.20,20.00
20240722030237,55.10,20.00
20240722030247,55.20,20.00
20240722030257,55.20,20.00
20240722030307,55.20,20.00
20240722030317,55.10,20.00
20240722030327,55.10,20.00
20240722030337,55.10,20.00
20240722030347,55.10,20.00
20240722030357,55.10,20.00
20240722030407,55.20,20.00
20240722030417,55.20,20.00
20240722030427,55.20,20.00
20240722030437,55.10,20.10
20240722030447,55.10,20.10
20240722030457,55.10,20.00
20240722030507,55.10,20.10
20240722030517,55.10,20.10
20240722030527,55.10,20.10
20240722030537,55.10,20.10
20240722030547,55.10,20.10
20240722030557,55.00,20.10
20240722030607,55.10,20.10
20240722030617,55.10,20.10
20240722030627,55.10,20.10
20240722030637,55.10,20.10
20240722030647,55.10,20.10
20240722030657,55.10,20.10
20240722030707,55.10,20.10
20240722030717,55.10,20.10
20240722030727,55.10,20.10
20240722030737,55.00,20.10
20240722030747,55.00,20.10
20240722030757,55.10,20.10
20240722030807,55.10,20.10
20240722030817,55.00,20.20
20240722030827,55.10,20.20
20240722030837,55.10,20.20
20240722030847,55.10,20.20
20240722030857,55.10,20.20
20240722030907,55.00,20.20
20240722030917,55.10,20.20
20240722030927,55.10,20.20
20240722030937,55.00,20.20
20240722030947,55.10,20.20
20240722030957,55.00,20.20
20240722031007,55.00,20.20
20240722031017,55.00,20.20
20240722031027,55.00,20.20
20240722031037,55.00,20.30
20240722031047,55.00,20.30
20240722031057,55.00,20.30
20240722031107,55.00,20.30
20240722031117,55.00,20.30
20240722031127,55.10,20.30
20240722031137,55.00,20.30
20240722031147,55.10,20.30
20240722031157,55.10,20.30
20240722031207,55.00,20.30
20240722031217,55.00,20.30
20240722031227,55.10,20.30
20240722031237,55.00,20.30
20240722031247,55.10,20.30
20240722031258,55.00,20.30
20240722031308,55.10,20.30
20240722031318,55.00,20.30
20240722031328,55.00,20.30
20240722031338,55.00,20.30
20240722031348,55.00,20.30
20240722031358,55.00,20.30
20240722031408,55.10,20.30
20240722031418,55.10,20.30
20240722031428,55.10,20.30
20240722031438,55.10,20.30
20240722031448,55.10,20.30
20240722031458,55.10,20.30
20240722031508,55.10,20.30
20240722031518,55.20,20.30
20240722031528,55.20,20.30
20240722031538,55.20,20.30
20240722031548,55.20,20.30
20240722031558,55.20,20.30
20240722031608,55.20,20.30
20240722031618,55.20,20.30
20240722031628,55.20,20.30
20240722031638,55.20,20.30
20240722031648,55.20,20.30
20240722031658,55.20,20.30
20240722031708,55.20,20.30
20240722031718,55.20,20.30
20240722031728,55.30,20.30
20240722031738,55.20,20.30
20240722031748,55.20,20.30
20240722031758,55.20,20.30
20240722031808,55.20,20.30
20240722031818,55.20,20.30
20240722031828,55.20,20.30
20240722031838,55.20,20.30
20240722031848,55.20,20.30
20240722031858,55.20,20.30
20240722031908,55.20,20.30
20240722031918,55.20,20.30
20240722031928,55.30,20.30
20240722031938,55.30,20.30
20240722031948,55.30,20.30
20240722031958,55.20,20.30
20240722032008,55.30,20.30
20240722032018,55.30,20.30
20240722032028,55.30,20.30
20240722032038,55.30,20.30
20240722032048,55.30,20.30
20240722032058,55.30,20.30
20240722032108,55.30,20.30
20240722032118,55.30,20.30
20240722032128,55.30,20.30
20240722032138,55.30,20.30
20240722032148,55.30,20.30
20240722032158,55.30,20.30
20240722032208,55.40,20.30
20240722032218,55.40,20.30
20240722032228,55.30,20.30
20240722032238,55.30,20.30
20240722032248,55.40,20.30
20240722032258,55.40,20.30
20240722032308,55.40,20.30
20240722032318,55.40,20.30
20240722032328,55.40,20.30
20240722032338,55.40,20.30
20240722032348,55.40,20.30
20240722032358,55.40,20.30
20240722032408,55.40,20.30
20240722032418,55.40,20.30
20240722032428,55.40,20.30
20240722032438,55.40,20.30
20240722032448,55.40,20.30
20240722032458,55.40,20.30
20240722032508,55.40,20.30
20240722032518,55.40,20.30
20240722032528,55.40,20.30
20240722032538,55.40,20.30
20240722032548,55.40,20.30
20240722032558,55.50,20.30
20240722032608,55.40,20.30
20240722032618,55.40,20.30
20240722032628,55.40,20.30
20240722032638,55.40,20.30
20240722032648,55.40,20.30
20240722032658,55.40,20.30
20240722032708,55.40,20.30
20240722032718,55.40,20.30
20240722032728,55.30,20.30
20240722032738,55.40,20.30
20240722032748,55.40,20.30
20240722032758,55.40,20.20
20240722032808,55.40,20.30
20240722032818,55.40,20.20
20240722032828,55.30,20.20
20240722032838,55.40,20.20
20240722032848,55.40,20.20
20240722032858,55.40,20.20
20240722032908,55.40,20.20
20240722032918,55.40,20.20
20240722032928,55.40,20.20
20240722032938,55.40,20.20
20240722032948,55.50,20.20
20240722032958,55.40,20.20
20240722033008,55.50,20.20
20240722033018,55.40,20.20
20240722033028,55.40,20.20
20240722033038,55.40,20.20
20240722033048,55.40,20.20
20240722033058,55.40,20.20
20240722033108,55.40,20.20
20240722033118,55.40,20.20
20240722033128,55.40,20.20
20240722033138,55.40,20.20
20240722033148,55.40,20.20
20240722033158,55.40,20.20
20240722033208,55.40,20.20
20240722033218,55.40,20.20
20240722033228,55.40,20.10
20240722033238,55.40,20.20
20240722033248,55.50,20.20
20240722033258,55.40,20.20
20240722033308,55.40,20.10
20240722033318,55.50,20.10
20240722033328,55.40,20.10
20240722033338,55.40,20.10
20240722033348,55.40,20.10
20240722033358,55.40,20.10
20240722033408,55.50,20.10
20240722033418,55.50,20.10
20240722033428,55.50,20.10
20240722033438,55.50,20.10
20240722033448,55.50,20.10
20240722033459,55.50,20.10
20240722033509,55.50,20.10
20240722033519,55.50,20.10
20240722033529,55.50,20.10
20240722033539,55.50,20.10
20240722033549,55.50,20.10
20240722033559,55.60,20.10
20240722033609,55.60,20.10
20240722033619,55.60,20.10
20240722033629,55.60,20.10
20240722033639,55.60,20.10
20240722033649,55.60,20.10
20240722033659,55.60,20.10
20240722033709,55.70,20.10
20240722033719,55.60,20.10
20240722033729,55.70,20.10
20240722033739,55.60,20.10
20240722033749,55.70,20.10
20240722033759,55.70,20.10
20240722033809,55.70,20.10
20240722033819,55.70,20.10
20240722033829,55.70,20.10
20240722033839,55.70,20.10
20240722033849,55.70,20.10
20240722033859,55.70,20.10
20240722033909,55.70,20.10
20240722033919,55.70,20.10
20240722033929,55.70,20.10
20240722033939,55.70,20.10
20240722033949,55.70,20.10
20240722033959,55.70,20.10
20240722034009,55.70,20.20
20240722034019,55.70,20.20
20240722034029,55.70,20.20
20240722034039,55.70,20.20
20240722034049,55.70,20.20
20240722034059,55.70,20.20
20240722034109,55.70,20.20
20240722034119,55.70,20.20
20240722034129,55.70,20.20
20240722034139,55.70,20.20
20240722034149,55.70,20.30
20240722034159,55.70,20.30
20240722034209,55.70,20.30
20240722034219,55.70,20.30
20240722034229,55.70,20.30
20240722034239,55.70,20.30
20240722034249,55.70,20.30
20240722034259,55.70,20.30
20240722034309,55.70,20.30
20240722034319,55.70,20.30
20240722034329,55.70,20.30
20240722034339,55.70,20.30
20240722034349,55.70,20.30
20240722034359,55.70,20.30
20240722034409,55.70,20.30
20240722034419,55.70,20.30
20240722034429,55.70,20.30
20240722034439,55.70,20.30
20240722034449,55.70,20.30
20240722034459,55.70,20.30
20240722034509,55.70,20.30
20240722034519,55.60,20.30
20240722034529,55.70,20.30
20240722034539,55.60,20.30
20240722034549,55.60,20.30
20240722034559,55.60,20.30
20240722034609,55.60,20.30
20240722034619,55.60,20.30
20240722034629,55.60,20.30
20240722034639,55.60,20.30
20240722034649,55.60,20.30
20240722034659,55.60,20.30
20240722034709,55.70,20.30
20240722034719,55.60,20.30
20240722034729,55.60,20.30
20240722034739,55.60,20.30
20240722034749,55.60,20.30
20240722034759,55.60,20.40
20240722034809,55.70,20.40
20240722034819,55.60,20.30
20240722034829,55.70,20.40
20240722034839,55.60,20.40
20240722034849,55.60,20.40
20240722034859,55.60,20.40
20240722034909,55.60,20.50
20240722034919,55.60,20.40
20240722034929,55.60,20.40
20240722034939,55.60,20.40
20240722034949,55.60,20.40
20240722034959,55.60,20.50
20240722035009,55.60,20.50
20240722035019,55.70,20.50
20240722035029,55.60,20.50
20240722035039,55.60,20.50
20240722035049,55.60,20.50
20240722035059,55.60,20.50
20240722035109,55.60,20.50
20240722035119,55.50,20.50
20240722035129,55.50,20.50
20240722035139,55.50,20.50
20240722035149,55.50,20.50
20240722035159,55.50,20.50
20240722035209,55.50,20.50
20240722035219,55.50,20.50
20240722035229,55.50,20.50
20240722035239,55.50,20.50
20240722035249,55.50,20.50
20240722035259,55.40,20.50
20240722035309,55.50,20.50
20240722035319,55.50,20.50
20240722035329,55.50,20.50
20240722035339,55.50,20.50
20240722035349,55.50,20.50
20240722035359,55.50,20.50
20240722035409,55.50,20.50
20240722035419,55.40,20.50
20240722035429,55.40,20.50
20240722035439,55.40,20.50
20240722035449,55.40,20.50
20240722035459,55.40,20.50
20240722035509,55.40,20.50
20240722035519,55.40,20.50
20240722035529,55.30,20.50
20240722035539,55.40,20.50
20240722035549,55.40,20.50
20240722035559,55.40,20.50
20240722035609,55.40,20.50
20240722035619,55.40,20.50
20240722035629,55.40,20.50
20240722035640,55.40,20.50
20240722035650,55.30,20.50
20240722035700,55.30,20.50
20240722035710,55.30,20.50
20240722035720,55.40,20.50
20240722035730,55.30,20.50
20240722035740,55.40,20.50
20240722035750,55.30,20.50
20240722035800,55.40,20.50
20240722035810,55.30,20.50
20240722035820,55.40,20.50
20240722035830,55.30,20.60
20240722035840,55.30,20.60
20240722035850,55.40,20.60
20240722035900,55.40,20.60
20240722035910,55.40,20.50
20240722035920,55.40,20.60
20240722035930,55.40,20.60
20240722035940,55.40,20.60
20240722035950,55.40,20.60
20240722040000,55.30,20.60
20240722040010,55.40,20.60
20240722040020,55.40,20.60
20240722040030,55.40,20.60
20240722040040,55.30,20.60
20240722040050,55.30,20.60
20240722040100,55.40,20.60
20240722040110,55.40,20.60
20240722040120,55.40,20.60
20240722040130,55.40,20.60
20240722040140,55.40,20.60
20240722040150,55.40,20.60
20240722040200,55.40,20.60
20240722040210,55.40,20.60
20240722040220,55.40,20.60
20240722040230,55.30,20.60
20240722040240,55.40,20.60
20240722040250,55.40,20.60
20240722040300,55.40,20.60
20240722040310,55.40,20.60
20240722040320,55.40,20.60
20240722040330,55.30,20.60
20240722040340,55.30,20.60
20240722040350,55.30,20.60
20240722040400,55.30,20.60
20240722040410,55.30,20.60
20240722040420,55.40,20.60
20240722040430,55.40,20.60
20240722040440,55.40,20.60
20240722040450,55.40,20.60
20240722040500,55.40,20.60
20240722040510,55.40,20.60
20240722040520,55.40,20.60
20240722040530,55.40,20.60
20240722040540,55.40,20.60
20240722040550,55.50,20.60
20240722040600,55.50,20.60
20240722040610,55.50,20.60
20240722040620,55.50,20.60
20240722040630,55.50,20.60
20240722040640,55.50,20.60
20240722040650,55.50,20.60
20240722040700,55.50,20.60
20240722040710,55.40,20.60
20240722040720,55.40,20.60
20240722040730,55.50,20.60
20240722040740,55.50,20.60
20240722040750,55.40,20.60
20240722040800,55.40,20.60
20240722040810,55.40,20.70
20240722040820,55.40,20.70
20240722040830,55.40,20.70
20240722040840,55.40,20.60
20240722040850,55.40,20.70
20240722040900,55.40,20.70
20240722040910,55.40,20.70
20240722040920,55.40,20.70
20240722040930,55.40,20.70
20240722040940,55.50,20.70
20240722040950,55.40,20.70
20240722041000,55.40,20.70
20240722041010,55.40,20.70
20240722041020,55.40,20.60
20240722041030,55.50,20.60
20240722041040,55.50,20.60
20240722041050,55.50,20.60
20240722041100,55.50,20.60
20240722041110,55.50,20.70
20240722041120,55.50,20.60
20240722041130,55.50,20.60
20240722041140,55.50,20.60
20240722041150,55.50,20.70
20240722041200,55.50,20.70
20240722041210,55.50,20.60
20240722041220,55.50,20.60
20240722041230,55.50,20.60
20240722041240,55.50,20.60
20240722041250,55.50,20.60
20240722041300,55.50,20.70
20240722041310,55.50,20.70
20240722041320,55.50,20.60
20240722041330,55.50,20.70
20240722041340,55.50,20.70
20240722041350,55.50,20.70
20240722041400,55.50,20.70
20240722041410,55.50,20.70
20240722041420,55.50,20.70
20240722041430,55.50,20.70
20240722041440,55.40,20.70
20240722041450,55.50,20.70
20240722041500,55.50,20.70
20240722041510,55.50,20.60
20240722041520,55.50,20.70
20240722041530,55.50,20.70
20240722041540,55.50,20.60
20240722041550,55.50,20.70
20240722041600,55.50,20.70
20240722041610,55.50,20.70
20240722041620,55.50,20.70
20240722041630,55.50,20.70
20240722041640,55.50,20.70
20240722041650,55.40,20.70
20240722041700,55.40,20.70
20240722041710,55.40,20.60
20240722041720,55.40,20.60
20240722041730,55.40,20.60
20240722041740,55.40,20.60
20240722041750,55.40,20.60
20240722041800,55.40,20.60
20240722041810,55.40,20.60
20240722041820,55.40,20.60
20240722041830,55.50,20.60
20240722041841,55.50,20.70
20240722041851,55.50,20.60
20240722041901,55.50,20.60
20240722041911,55.50,20.60
20240722041921,55.50,20.60
20240722041931,55.50,20.60
20240722041941,55.50,20.60
20240722041951,55.50,20.60
20240722042001,55.50,20.60
20240722042011,55.50,20.60
20240722042021,55.50,20.60
20240722042031,55.50,20.60
20240722042041,55.50,20.60
20240722042051,55.50,20.60
20240722042101,55.50,20.60
20240722042111,55.60,20.60
20240722042121,55.50,20.60
20240722042131,55.50,20.60
20240722042141,55.50,20.60
20240722042151,55.50,20.60
20240722042201,55.50,20.60
20240722042211,55.50,20.60
20240722042221,55.50,20.60
20240722042231,55.50,20.60
20240722042241,55.50,20.60
20240722042251,55.50,20.60
20240722042301,55.50,20.60
20240722042311,55.50,20.60
20240722042321,55.50,20.60
20240722042331,55.50,20.60
20240722042341,55.50,20.60
20240722042351,55.50,20.60
20240722042401,55.50,20.60
20240722042411,55.40,20.60
20240722042421,55.50,20.60
20240722042431,55.50,20.60
20240722042441,55.50,20.60
20240722042451,55.50,20.60
20240722042501,55.50,20.60
20240722042511,55.50,20.60
20240722042521,55.40,20.60
20240722042531,55.40,20.60
20240722042541,55.40,20.60
20240722042551,55.40,20.60
20240722042601,55.40,20.60
20240722042611,55.40,20.60
20240722042621,55.40,20.60
20240722042631,55.40,20.60
20240722042641,55.40,20.60
20240722042651,55.40,20.60
20240722042701,55.40,20.60
20240722042711,55.50,20.60
20240722042721,55.50,20.60
20240722042731,55.40,20.60
20240722042741,55.40,20.50
20240722042751,55.50,20.50
20240722042801,55.50,20.60
20240722042811,55.50,20.50
20240722042821,55.50,20.60
20240722042831,55.50,20.60
20240722042841,55.50,20.50
20240722042851,55.50,20.50
20240722042901,55.40,20.50
20240722042911,55.50,20.50
20240722042921,55.50,20.50
20240722042931,55.50,20.50
20240722042941,55.50,20.50
20240722042951,55.40,20.50
20240722043001,55.50,20.50
20240722043011,55.50,20.50
20240722043021,55.50,20.50
20240722043031,55.50,20.50
20240722043041,55.50,20.50
20240722043051,55.50,20.50
20240722043101,55.50,20.50
20240722043111,55.50,20.50
20240722043121,55.50,20.50
20240722043131,55.50,20.50
20240722043141,55.50,20.50
20240722043151,55.50,20.50
20240722043201,55.50,20.50
20240722043211,55.50,20.50
20240722043221,55.50,20.50
20240722043231,55.50,20.50
20240722043241,55.40,20.50
20240722043251,55.40,20.50
20240722043301,55.50,20.50
20240722043311,55.40,20.50
20240722043321,55.50,20.50
20240722043331,55.40,20.50
20240722043341,55.40,20.50
20240722043351,55.40,20.50
20240722043401,55.40,20.50
20240722043411,55.50,20.50
20240722043421,55.50,20.50
20240722043431,55.50,20.50
20240722043441,55.50,20.50
20240722043451,55.50,20.50
20240722043501,55.50,20.50
20240722043511,55.50,20.50
20240722043521,55.50,20.50
20240722043531,55.50,20.50
20240722043541,55.40,20.50
20240722043551,55.40,20.50
20240722043601,55.40,20.50
20240722043611,55.40,20.50
20240722043621,55.40,20.50
20240722043631,55.40,20.50
20240722043641,55.40,20.50
20240722043651,55.40,20.50
20240722043701,55.40,20.50
20240722043711,55.40,20.50
20240722043721,55.40,20.60
20240722043731,55.40,20.50
20240722043741,55.40,20.50
20240722043751,55.40,20.50
20240722043801,55.40,20.50
20240722043811,55.40,20.50
20240722043821,55.40,20.50
20240722043831,55.30,20.60
20240722043841,55.30,20.60
20240722043851,55.30,20.50
20240722043901,55.30,20.60
20240722043911,55.30,20.60
20240722043921,55.40,20.50
20240722043931,55.40,20.50
20240722043941,55.40,20.50
20240722043951,55.40,20.60
20240722044001,55.40,20.60
20240722044011,55.40,20.60
20240722044021,55.30,20.60
20240722044032,55.30,20.60
20240722044042,55.30,20.60
20240722044052,55.30,20.50
20240722044102,55.30,20.60
20240722044112,55.30,20.60
20240722044122,55.30,20.60
20240722044132,55.30,20.60
20240722044142,55.30,20.60
20240722044152,55.30,20.60
20240722044202,55.30,20.60
20240722044212,55.30,20.60
20240722044222,55.30,20.60
20240722044232,55.30,20.60
20240722044242,55.30,20.60
20240722044252,55.30,20.60
20240722044302,55.30,20.60
20240722044312,55.30,20.60
20240722044322,55.30,20.60
20240722044332,55.30,20.60
20240722044342,55.30,20.60
20240722044352,55.30,20.60
20240722044402,55.30,20.60
20240722044412,55.30,20.60
20240722044422,55.30,20.60
20240722044432,55.30,20.60
20240722044442,55.30,20.60
20240722044452,55.30,20.60
20240722044502,55.30,20.60
20240722044512,55.20,20.60
20240722044522,55.20,20.60
20240722044532,55.30,20.60
20240722044542,55.20,20.70
20240722044552,55.20,20.60
20240722044602,55.10,20.60
20240722044612,55.10,20.70
20240722044622,55.20,20.70
20240722044632,55.20,20.70
20240722044642,55.20,20.60
20240722044652,55.20,20.70
20240722044702,55.20,20.60
20240722044712,55.20,20.60
20240722044722,55.20,20.60
20240722044732,55.20,20.60
20240722044742,55.10,20.60
20240722044752,55.10,20.60
20240722044802,55.20,20.60
20240722044812,55.30,20.60
20240722044822,55.20,20.60
20240722044832,55.20,20.60
20240722044842,55.20,20.60
20240722044852,55.30,20.60
20240722044902,55.30,20.60
20240722044912,55.30,20.60
20240722044922,55.30,20.60
20240722044932,55.30,20.60
20240722044942,55.30,20.60
20240722044952,55.30,20.60
20240722045002,55.30,20.60
20240722045012,55.30,20.60
20240722045022,55.30,20.60
20240722045032,55.30,20.60
20240722045042,55.30,20.60
20240722045052,55.30,20.60
20240722045102,55.30,20.60
20240722045112,55.30,20.60
20240722045122,55.30,20.60
20240722045132,55.40,20.60
20240722045142,55.40,20.60
20240722045152,55.30,20.60
20240722045202,55.40,20.60
20240722045212,55.30,20.60
20240722045222,55.30,20.60
20240722045232,55.30,20.60
20240722045242,55.20,20.60
20240722045252,55.30,20.70
20240722045302,55.30,20.70
20240722045312,55.30,20.60
20240722045322,55.30,20.70
20240722045332,55.30,20.70
20240722045342,55.30,20.70
20240722045352,55.30,20.70
20240722045402,55.20,20.70
20240722045412,55.20,20.70
20240722045422,55.20,20.60
20240722045432,55.30,20.70
20240722045442,55.30,20.70
20240722045452,55.30,20.70
20240722045502,55.40,20.70
20240722045512,55.40,20.70
20240722045522,55.40,20.60
20240722045532,55.30,20.60
20240722045542,55.30,20.70
20240722045552,55.30,20.70
20240722045602,55.30,20.70
20240722045612,55.40,20.70
20240722045622,55.40,20.70
20240722045632,55.40,20.70
20240722045642,55.40,20.70
20240722045652,55.40,20.70
20240722045702,55.40,20.70
20240722045712,55.40,20.70
20240722045722,55.40,20.70
20240722045732,55.40,20.70
20240722045742,55.40,20.70
20240722045752,55.30,20.70
20240722045802,55.30,20.70
20240722045812,55.30,20.70
20240722045822,55.30,20.70
20240722045832,55.40,20.70
20240722045842,55.30,20.70
20240722045852,55.30,20.70
20240722045902,55.40,20.70
20240722045912,55.40,20.70
20240722045922,55.40,20.70
20240722045932,55.40,20.70
20240722045942,55.40,20.70
20240722045952,55.30,20.70
20240722050002,55.40,20.70
20240722050012,55.30,20.70
20240722050022,55.30,20.70
20240722050032,55.40,20.70
20240722050042,55.40,20.70
20240722050052,55.40,20.70
20240722050102,55.40,20.80
20240722050112,55.30,20.70
20240722050122,55.40,20.70
20240722050132,55.40,20.80
20240722050142,55.40,20.80
20240722050152,55.40,20.80
20240722050202,55.40,20.80
20240722050212,55.40,20.80
20240722050222,55.40,20.80
20240722050233,55.40,20.80
20240722050243,55.40,20.80
20240722050253,55.40,20.80
20240722050303,55.40,20.80
20240722050313,55.40,20.70
20240722050323,55.40,20.80
20240722050333,55.40,20.80
20240722050343,55.40,20.70
20240722050353,55.40,20.70
20240722050403,55.40,20.70
20240722050413,55.40,20.70
20240722050423,55.50,20.80
20240722050433,55.40,20.70
20240722050443,55.50,20.70
20240722050453,55.50,20.70
20240722050503,55.50,20.70
20240722050513,55.50,20.70
20240722050523,55.50,20.70
20240722050533,55.50,20.70
20240722050543,55.50,20.70
20240722050553,55.50,20.70
20240722050603,55.50,20.80
20240722050613,55.50,20.80
20240722050623,55.50,20.80
20240722050633,55.60,20.80
20240722050643,55.60,20.80
20240722050653,55.50,20.80
20240722050703,55.60,20.80
20240722050713,55.60,20.70
20240722050723,55.60,20.80
20240722050733,55.60,20.80
20240722050743,55.60,20.70
20240722050753,55.60,20.70
20240722050803,55.60,20.70
20240722050813,55.60,20.70
20240722050823,55.60,20.70
20240722050833,55.60,20.70
20240722050843,55.60,20.70
20240722050853,55.60,20.80
20240722050903,55.60,20.80
20240722050913,55.60,20.80
20240722050923,55.60,20.70
20240722050933,55.60,20.70
20240722050943,55.50,20.80
20240722050953,55.50,20.70
20240722051003,55.50,20.70
20240722051013,55.60,20.70
20240722051023,55.60,20.70
20240722051033,55.60,20.70
20240722051043,55.60,20.70
20240722051053,55.50,20.70
20240722051103,55.50,20.70
20240722051113,55.50,20.70
20240722051123,55.50,20.70
20240722051133,55.60,20.70
20240722051143,55.50,20.70
20240722051153,55.60,20.70
20240722051203,55.50,20.70
20240722051213,55.60,20.70
20240722051223,55.60,20.70
20240722051233,55.60,20.70
20240722051243,55.60,20.70
20240722051253,55.60,20.70
20240722051303,55.60,20.70
20240722051313,55.70,20.70
20240722051323,55.60,20.70
20240722051333,55.70,20.70
20240722051343,55.70,20.70
20240722051353,55.60,20.70
20240722051403,55.60,20.70
20240722051413,55.60,20.70
20240722051423,55.60,20.70
20240722051433,55.60,20.70
20240722051443,55.60,20.70
20240722051453,55.60,20.70
20240722051503,55.60,20.70
20240722051513,55.60,20.70
20240722051523,55.60,20.70
20240722051533,55.70,20.70
20240722051543,55.60,20.70
20240722051553,55.60,20.70
20240722051603,55.70,20.70
20240722051613,55.70,20.70
20240722051623,55.70,20.70
20240722051633,55.60,20.70
20240722051643,55.60,20.70
20240722051653,55.60,20.70
20240722051703,55.60,20.70
20240722051713,55.70,20.70
20240722051723,55.70,20.70
20240722051733,55.70,20.70
20240722051743,55.60,20.70
20240722051753,55.60,20.70
20240722051803,55.60,20.70
20240722051813,55.60,20.70
20240722051823,55.60,20.70
20240722051833,55.70,20.70
20240722051843,55.70,20.70
20240722051853,55.70,20.70
20240722051903,55.70,20.70
20240722051913,55.70,20.70
20240722051923,55.70,20.70
20240722051933,55.70,20.70
20240722051943,55.70,20.70
20240722051953,55.70,20.70
20240722052003,55.70,20.70
20240722052013,55.70,20.70
20240722052023,55.70,20.70
20240722052033,55.60,20.70
20240722052043,55.60,20.70
20240722052053,55.60,20.70
20240722052103,55.60,20.70
20240722052113,55.50,20.70
20240722052123,55.60,20.70
20240722052133,55.60,20.70
20240722052143,55.60,20.70
20240722052153,55.60,20.70
20240722052203,55.60,20.70
20240722052213,55.60,20.70
20240722052223,55.50,20.70
20240722052233,55.50,20.70
20240722052243,55.60,20.70
20240722052253,55.60,20.70
20240722052303,55.60,20.70
20240722052313,55.50,20.70
20240722052323,55.50,20.70
20240722052333,55.50,20.70
20240722052343,55.50,20.70
20240722052353,55.50,20.70
20240722052403,55.50,20.70
20240722052413,55.50,20.70
20240722052423,55.50,20.70
20240722052434,55.50,20.70
20240722052444,55.50,20.70
20240722052454,55.50,20.70
20240722052504,55.40,20.70
20240722052514,55.40,20.70
20240722052524,55.40,20.70
20240722052534,55.40,20.70
20240722052544,55.40,20.70
20240722052554,55.40,20.70
20240722052604,55.40,20.80
20240722052614,55.40,20.80
20240722052624,55.40,20.80
20240722052634,55.30,20.80
20240722052644,55.30,20.80
20240722052654,55.30,20.80
20240722052704,55.30,20.80
20240722052714,55.40,20.80
20240722052724,55.30,20.80
20240722052734,55.30,20.80
20240722052744,55.30,20.80
20240722052754,55.30,20.80
20240722052804,55.30,20.80
20240722052814,55.30,20.80
20240722052824,55.40,20.80
20240722052834,55.30,20.80
20240722052844,55.30,20.80
20240722052854,55.30,20.80
20240722052904,55.30,20.80
20240722052914,55.30,20.80
20240722052924,55.30,20.80
20240722052934,55.30,20.80
20240722052944,55.20,20.80
20240722052954,55.20,20.80
20240722053004,55.20,20.80
20240722053014,55.20,20.80
20240722053024,55.20,20.80
20240722053034,55.20,20.80
20240722053044,55.20,20.80
20240722053054,55.20,20.80
20240722053104,55.20,20.80
20240722053114,55.20,20.80
20240722053124,55.20,20.80
20240722053134,55.20,20.80
20240722053144,55.20,20.80
20240722053154,55.20,20.80
20240722053204,55.20,20.90
20240722053214,55.20,20.90
20240722053224,55.20,20.90
20240722053234,55.20,20.80
20240722053244,55.20,20.80
20240722053254,55.20,20.90
20240722053304,55.20,20.90
20240722053314,55.20,20.90
20240722053324,55.20,20.80
20240722053334,55.10,20.90
20240722053344,55.20,20.80
20240722053354,55.20,20.90
20240722053404,55.10,20.90
20240722053414,55.10,20.90
20240722053424,55.10,20.90
20240722053434,55.10,20.90
20240722053444,55.10,20.90
20240722053454,55.10,20.90
20240722053504,55.00,20.90
20240722053514,55.10,20.90
20240722053524,55.00,20.90
20240722053534,55.10,20.90
20240722053544,55.10,20.90
20240722053554,55.10,20.90
20240722053604,55.10,20.90
20240722053614,55.10,20.90
20240722053624,55.10,20.90
20240722053634,55.10,20.90
20240722053644,55.10,20.90
20240722053654,55.10,20.90
20240722053704,55.10,20.90
20240722053714,55.10,20.90
20240722053724,55.10,20.90
20240722053734,55.10,20.90
20240722053744,55.10,20.90
20240722053754,55.10,20.90
20240722053804,55.10,20.90
20240722053814,55.10,20.90
20240722053824,55.10,20.90
20240722053834,55.10,20.90
20240722053844,55.10,20.90
20240722053854,55.10,20.90
20240722053904,55.10,20.90
20240722053914,55.10,20.90
20240722053924,55.10,20.90
20240722053934,55.00,20.90
20240722053944,55.10,20.90
20240722053954,55.10,20.90
20240722054004,55.10,20.90
20240722054014,55.10,20.90
20240722054024,55.10,20.90
20240722054034,55.10,21.00
20240722054044,55.00,20.90
20240722054054,55.10,21.00
20240722054104,55.00,20.90
20240722054114,55.00,21.00
20240722054124,55.00,21.00
20240722054134,55.10,20.90
20240722054144,55.00,21.00
20240722054154,55.00,21.00
20240722054204,55.10,21.00
20240722054214,55.00,21.00
20240722054224,55.00,20.90
20240722054234,55.00,21.00
20240722054244,55.00,21.00
20240722054254,55.10,20.90
20240722054304,55.00,21.00
20240722054314,55.10,21.00
20240722054324,55.00,20.90
20240722054334,55.00,21.00
20240722054344,55.00,21.00
20240722054354,55.00,21.00
20240722054404,55.00,21.00
20240722054414,55.00,21.00
20240722054424,55.00,21.00
20240722054434,55.00,21.00
20240722054444,55.00,21.00
20240722054454,55.00,21.00
20240722054504,55.00,21.00
20240722054514,55.00,21.00
20240722054524,55.00,20.90
20240722054534,55.00,21.00
20240722054544,55.00,21.00
20240722054554,55.00,21.00
20240722054604,55.00,21.00
20240722054614,55.00,21.00
20240722054624,55.00,21.00
20240722054634,55.00,21.00
20240722054644,55.00,21.00
20240722054655,55.00,20.90
20240722054705,55.00,21.00
20240722054715,55.00,21.00
20240722054725,55.00,21.00
20240722054735,55.00,21.00
20240722054745,54.90,21.00
20240722054755,55.00,21.00
20240722054805,55.00,21.00
20240722054815,55.00,21.00
20240722054825,54.90,21.00
20240722054835,55.00,21.00
20240722054845,55.00,21.00
20240722054855,55.00,21.00
20240722054905,54.90,21.00
20240722054915,55.00,21.00
20240722054925,54.90,21.00
20240722054935,55.00,21.00
20240722054945,54.90,21.00
20240722054955,54.90,21.00
20240722055005,55.00,21.00
20240722055015,54.90,21.00
20240722055025,54.90,21.00
20240722055035,54.90,21.00
20240722055045,54.90,21.00
20240722055055,54.90,21.00
20240722055105,54.90,21.00
20240722055115,54.90,21.00
20240722055125,54.90,21.00
20240722055135,54.90,21.00
20240722055145,54.90,21.00
20240722055155,54.90,21.00
20240722055205,54.90,21.00
20240722055215,54.90,21.00
20240722055225,54.90,21.00
20240722055235,54.80,21.00
20240722055245,54.90,21.00
20240722055255,54.80,21.00
20240722055305,54.80,21.00
20240722055315,54.80,21.00
20240722055325,54.90,21.00
20240722055335,54.90,21.00
20240722055345,54.90,21.00
20240722055355,54.90,21.00
20240722055405,54.90,21.00
20240722055415,54.90,21.00
20240722055425,54.90,21.00
20240722055435,54.90,21.00
20240722055445,54.80,21.00
20240722055455,54.90,21.00
20240722055505,54.90,21.00
20240722055515,54.90,21.00
20240722055525,54.80,21.00
20240722055535,54.80,21.00
20240722055545,54.80,21.00
20240722055555,54.90,21.00
20240722055605,54.80,21.00
20240722055615,54.80,21.00
20240722055625,54.80,21.00
20240722055635,54.80,20.90
20240722055645,54.80,21.00
20240722055655,54.80,21.00
20240722055705,54.80,21.00
20240722055715,54.80,21.00
20240722055725,54.80,20.90
20240722055735,54.80,21.00
20240722055745,54.90,21.00
20240722055755,54.80,21.00
20240722055805,54.90,20.90
20240722055815,54.80,21.00
20240722055825,54.80,21.00
20240722055835,54.80,20.90
20240722055845,54.80,21.00
20240722055855,54.80,21.00
20240722055905,54.80,21.00
20240722055915,54.80,21.00
20240722055925,54.70,21.00
20240722055935,54.70,21.00
20240722055945,54.70,21.00
20240722055955,54.70,21.00
20240722060005,54.70,21.00
20240722060015,54.70,21.00
20240722060025,54.70,20.90
20240722060035,54.70,21.00
20240722060045,54.70,21.00
20240722060055,54.70,21.00
20240722060105,54.70,21.00
20240722060115,54.70,20.90
20240722060125,54.80,20.90
20240722060135,54.80,20.90
20240722060145,54.80,20.90
20240722060155,54.70,20.90
20240722060205,54.80,20.90
20240722060215,54.80,20.90
20240722060225,54.80,20.90
20240722060235,54.80,20.90
20240722060245,54.80,20.90
20240722060255,54.80,20.90
20240722060305,54.70,20.90
20240722060315,54.80,20.90
20240722060325,54.80,20.90
20240722060335,54.80,20.90
20240722060345,54.80,21.00
20240722060355,54.80,20.90
20240722060405,54.80,21.00
20240722060415,54.70,21.00
20240722060425,54.80,20.90
20240722060435,54.70,21.00
20240722060445,54.70,21.00
20240722060455,54.70,21.00
20240722060505,54.70,21.00
20240722060515,54.70,21.00
20240722060525,54.80,21.00
20240722060535,54.70,21.00
20240722060545,54.70,21.00
20240722060555,54.70,21.00
20240722060605,54.80,21.00
20240722060615,54.80,21.00
20240722060625,54.80,21.00
20240722060635,54.70,21.00
20240722060645,54.70,21.00
20240722060655,54.70,20.90
20240722060705,54.80,21.00
20240722060715,54.80,20.90
20240722060725,54.70,20.90
20240722060735,54.80,20.90
20240722060745,54.80,20.90
20240722060755,54.80,20.90
20240722060805,54.80,21.00
20240722060815,54.80,20.90
20240722060825,54.80,20.90
20240722060835,54.70,20.90
20240722060845,54.70,20.90
20240722060855,54.70,20.90
20240722060905,54.70,20.90
20240722060916,54.80,20.90
20240722060926,54.80,20.90
20240722060936,54.80,20.90
20240722060946,54.70,20.90
20240722060956,54.80,20.90
20240722061006,54.70,20.90
20240722061016,54.70,20.90
20240722061026,54.80,20.90
20240722061036,54.80,20.90
20240722061046,54.80,20.90
20240722061056,54.80,20.90
20240722061106,54.80,20.90
20240722061116,54.80,20.90
20240722061126,54.90,20.90
20240722061136,54.80,20.90
20240722061146,54.80,20.90
20240722061156,54.80,20.90
20240722061206,54.80,20.90
20240722061216,54.80,20.90
20240722061226,54.80,20.90
20240722061236,54.80,20.90
20240722061246,54.80,20.80
20240722061256,54.90,20.80
20240722061306,54.80,20.90
20240722061316,54.80,20.80
20240722061326,54.80,20.80
20240722061336,54.80,20.90
20240722061346,54.80,20.80
20240722061356,54.90,20.80
20240722061406,54.90,20.80
20240722061416,54.80,20.80
20240722061426,54.90,20.80
20240722061436,54.80,20.80
20240722061446,54.80,20.80
20240722061456,54.90,20.80
20240722061506,54.80,20.80
20240722061516,54.80,20.80
20240722061526,54.80,20.80
20240722061536,54.80,20.80
20240722061546,54.80,20.80
20240722061556,54.90,20.80
20240722061606,54.90,20.80
20240722061616,54.90,20.80
20240722061626,54.80,20.80
20240722061636,54.80,20.80
20240722061646,54.90,20.80
20240722061656,54.90,20.80
20240722061706,54.90,20.80
20240722061716,54.80,20.80
20240722061726,54.90,20.80
20240722061736,54.80,20.80
20240722061746,54.90,20.80
20240722061756,54.90,20.80
20240722061806,54.90,20.80
20240722061816,54.90,20.80
20240722061826,55.00,20.80
20240722061836,55.00,20.80
20240722061846,55.00,20.80
20240722061856,55.00,20.80
20240722061906,55.00,20.70
20240722061916,55.00,20.80
20240722061926,55.00,20.80
20240722061936,55.00,20.70
20240722061946,55.00,20.70
20240722061956,55.00,20.70
20240722062006,55.00,20.70
20240722062016,55.00,20.80
20240722062026,55.00,20.70
20240722062036,55.00,20.70
20240722062046,55.00,20.70
20240722062056,54.90,20.80
20240722062106,55.00,20.70
20240722062116,55.00,20.70
20240722062126,54.90,20.70
20240722062136,54.90,20.80
20240722062146,55.00,20.70
20240722062156,55.00,20.70
20240722062206,55.00,20.80
20240722062216,55.00,20.70
20240722062226,55.00,20.70
20240722062236,55.00,20.70
20240722062246,55.00,20.70
20240722062256,55.00,20.70
20240722062306,55.00,20.70
20240722062316,54.90,20.80
20240722062326,54.90,20.70
20240722062336,54.90,20.70
20240722062346,54.90,20.70
20240722062356,54.90,20.70
20240722062406,54.90,20.70
20240722062416,54.90,20.70
20240722062426,55.00,20.70
20240722062436,54.90,20.70
20240722062446,54.90,20.70
20240722062456,55.00,20.70
20240722062506,54.90,20.70
20240722062516,54.90,20.70
20240722062526,54.90,20.70
20240722062536,54.90,20.70
20240722062546,54.90,20.70
20240722062556,54.90,20.70
20240722062606,54.90,20.70
20240722062616,54.80,20.80
20240722062626,54.80,20.80
20240722062636,54.80,20.70
20240722062646,54.80,20.80
20240722062656,54.80,20.80
20240722062706,54.80,20.80
20240722062716,54.80,20.80
20240722062726,54.80,20.80
20240722062736,54.80,20.80
20240722062746,54.80,20.80
20240722062756,54.80,20.80
20240722062806,54.80,20.80
20240722062816,54.80,20.80
20240722062826,54.80,20.80
20240722062836,54.80,20.80
20240722062846,54.80,20.80
20240722062856,54.80,20.80
20240722062906,54.80,20.80
20240722062916,54.80,20.80
20240722062926,54.80,20.80
20240722062936,54.80,20.80
20240722062946,54.80,20.80
20240722062956,54.70,20.80
20240722063006,54.80,20.80
20240722063016,54.80,20.80
20240722063026,54.80,20.80
20240722063036,54.80,20.80
20240722063046,54.80,20.80
20240722063056,54.80,20.80
20240722063106,54.80,20.80
20240722063116,54.80,20.80
20240722063126,54.80,20.80
20240722063136,54.80,20.80
20240722063147,54.80,20.80
20240722063157,54.80,20.80
20240722063207,54.80,20.80
20240722063217,54.80,20.80
20240722063227,54.80,20.80
20240722063237,54.70,20.80
20240722063247,54.70,20.80
20240722063257,54.80,20.80
20240722063307,54.80,20.80
20240722063317,54.80,20.80
20240722063327,54.80,20.80
20240722063337,54.80,20.80
20240722063347,54.80,20.80
20240722063357,54.80,20.80
20240722063407,54.80,20.80
20240722063417,54.80,20.80
20240722063427,54.80,20.80
20240722063437,54.80,20.80
20240722063447,54.80,20.80
20240722063457,54.80,20.80
20240722063507,54.80,20.80
20240722063517,54.80,20.80
20240722063527,54.80,20.80
20240722063537,54.80,20.80
20240722063547,54.80,20.90
20240722063557,54.80,20.90
20240722063607,54.80,20.80
20240722063617,54.80,20.90
20240722063627,54.80,20.90
20240722063637,54.80,20.90
20240722063647,54.70,20.90
20240722063657,54.70,20.90
20240722063707,54.70,20.90
20240722063717,54.70,20.80
20240722063727,54.70,20.90
20240722063737,54.70,20.90
20240722063747,54.80,20.80
20240722063757,54.70,20.80
20240722063807,54.70,20.80
20240722063817,54.80,20.80
20240722063827,54.80,20.80
20240722063837,54.80,20.80
20240722063847,54.80,20.90
20240722063857,54.80,20.80
20240722063907,54.70,20.90
20240722063917,54.80,20.90
20240722063927,54.70,20.80
20240722063937,54.70,20.80
20240722063947,54.80,20.90
20240722063957,54.80,20.90
20240722064007,54.80,20.90
20240722064017,54.80,20.90
20240722064027,54.80,20.90
20240722064037,54.80,20.90
20240722064047,54.80,20.90
20240722064057,54.90,20.90
20240722064107,54.80,20.90
20240722064117,54.80,20.90
20240722064127,54.80,20.90
20240722064137,54.90,20.90
20240722064147,54.80,20.90
20240722064157,54.80,20.90
20240722064207,54.80,20.90
20240722064217,54.80,20.90
20240722064227,54.80,20.90
20240722064237,54.80,20.90
20240722064247,54.80,20.90
20240722064257,54.70,20.90
20240722064307,54.70,20.90
20240722064317,54.70,20.90
20240722064327,54.70,20.90
20240722064337,54.70,20.90
20240722064347,54.70,20.90
20240722064357,54.70,20.90
20240722064407,54.70,20.90
20240722064417,54.70,20.90
20240722064427,54.70,20.90
20240722064437,54.70,20.90
20240722064447,54.70,20.90
20240722064457,54.70,20.90
20240722064507,54.70,20.90
20240722064517,54.70,20.90
20240722064527,54.80,20.90
20240722064537,54.80,20.90
20240722064547,54.70,20.90
20240722064557,54.80,20.90
20240722064607,54.80,20.90
20240722064617,54.70,20.90
20240722064627,54.70,20.90
20240722064637,54.80,20.90
20240722064647,54.80,20.90
20240722064657,54.80,20.90
20240722064707,54.80,20.90
20240722064717,54.80,20.90
20240722064727,54.70,20.90
20240722064737,54.80,20.90
20240722064747,54.70,20.90
20240722064757,54.70,20.90
20240722064807,54.80,20.90
20240722064817,54.80,20.90
20240722064827,54.80,20.90
20240722064837,54.70,20.90
20240722064847,54.70,20.90
20240722064857,54.70,21.00
20240722064907,54.70,20.90
20240722064917,54.70,20.90
20240722064927,54.70,20.90
20240722064937,54.70,20.90
20240722064947,54.70,21.00
20240722064957,54.70,21.00
20240722065007,54.70,21.00
20240722065017,54.70,21.00
20240722065027,54.70,21.00
20240722065037,54.70,20.90
20240722065047,54.70,21.00
20240722065057,54.70,21.00
20240722065107,54.70,21.00
20240722065117,54.70,21.00
20240722065127,54.70,21.00
20240722065137,54.70,21.00
20240722065147,54.70,21.00
20240722065157,54.70,21.00
20240722065207,54.70,21.00
20240722065217,54.60,21.00
20240722065227,54.60,21.00
20240722065237,54.60,21.00
20240722065247,54.60,21.00
20240722065257,54.60,21.00
20240722065307,54.70,21.00
20240722065317,54.70,21.00
20240722065327,54.70,21.00
20240722065337,54.70,21.00
20240722065347,54.70,21.00
20240722065357,54.70,21.00
20240722065408,54.70,21.00
20240722065418,54.60,21.00
20240722065428,54.60,21.00
20240722065438,54.60,21.00
20240722065448,54.60,21.00
20240722065458,54.60,21.00
20240722065508,54.60,21.00
20240722065518,54.60,21.00
20240722065528,54.60,21.00
20240722065538,54.60,21.00
20240722065548,54.60,21.00
20240722065558,54.60,21.00
20240722065608,54.60,21.00
20240722065618,54.60,21.00
20240722065628,54.60,21.00
20240722065638,54.60,21.00
20240722065648,54.70,21.00
20240722065658,54.70,21.00
20240722065708,54.70,21.00
20240722065718,54.60,21.00
20240722065728,54.70,21.00
20240722065738,54.70,21.00
20240722065748,54.70,21.00
20240722065758,54.70,21.00
20240722065808,54.60,21.00
20240722065818,54.70,21.00
20240722065828,54.70,21.00
20240722065838,54.70,21.00
20240722065848,54.60,21.00
20240722065858,54.60,21.00
20240722065908,54.70,21.00
20240722065918,54.60,21.00
20240722065928,54.70,21.00
20240722065938,54.70,21.00
20240722065948,54.70,21.00
20240722065958,54.70,21.00
20240722070008,54.70,21.00
20240722070018,54.70,21.00
20240722070028,54.60,21.00
20240722070038,54.60,21.00
20240722070048,54.60,21.00
20240722070058,54.60,21.00
20240722070108,54.60,21.00
20240722070118,54.60,21.00
20240722070128,54.60,21.00
20240722070138,54.60,21.00
20240722070148,54.60,21.00
20240722070158,54.60,21.00
20240722070208,54.60,21.00
20240722070218,54.50,21.00
20240722070228,54.60,21.00
20240722070238,54.60,21.00
20240722070248,54.60,21.00
20240722070258,54.70,21.00
20240722070308,54.60,21.00
20240722070318,54.60,21.00
20240722070328,54.60,21.00
20240722070338,54.70,21.00
20240722070348,54.70,21.00
20240722070358,54.70,21.00
20240722070408,54.70,21.00
20240722070418,54.60,21.00
20240722070428,54.60,21.00
20240722070438,54.60,21.00
20240722070448,54.60,21.00
20240722070458,54.60,21.00
20240722070508,54.60,21.00
20240722070518,54.60,21.00
20240722070528,54.60,21.00
20240722070538,54.70,21.00
20240722070548,54.70,21.00
20240722070558,54.70,21.00
20240722070608,54.70,21.00
20240722070618,54.70,21.00
20240722070628,54.70,21.00
20240722070638,54.70,21.00
20240722070648,54.70,21.00
20240722070658,54.70,21.00
20240722070708,54.70,21.00
20240722070718,54.70,21.00
20240722070728,54.70,21.00
20240722070738,54.70,21.00
20240722070748,54.70,21.00
20240722070758,54.70,21.00
20240722070808,54.80,21.00
20240722070818,54.80,21.00
20240722070828,54.70,21.00
20240722070838,54.70,21.00
20240722070848,54.80,21.00
20240722070858,54.80,21.00
20240722070908,54.80,21.00
20240722070918,54.70,21.00
20240722070928,54.70,21.00
20240722070938,54.70,21.00
20240722070948,54.70,21.00
20240722070958,54.70,21.00
20240722071008,54.70,21.00
20240722071018,54.70,21.00
20240722071028,54.70,21.00
20240722071038,54.80,21.00
20240722071048,54.80,21.00
20240722071058,54.70,21.00
20240722071108,54.70,21.00
20240722071118,54.70,21.00
20240722071128,54.70,21.00
20240722071138,54.70,21.00
20240722071148,54.70,20.90
20240722071158,54.70,20.90
20240722071208,54.80,20.90
20240722071218,54.80,20.90
20240722071228,54.80,20.90
20240722071238,54.70,20.90
20240722071248,54.70,20.90
20240722071258,54.70,20.90
20240722071308,54.70,20.90
20240722071318,54.70,20.90
20240722071328,54.70,20.90
20240722071338,54.80,20.90
20240722071348,54.80,20.90
20240722071358,54.80,20.90
20240722071408,54.80,20.90
20240722071418,54.80,20.90
20240722071428,54.80,20.90
20240722071438,54.70,20.90
20240722071448,54.70,20.90
20240722071458,54.80,20.90
20240722071508,54.80,20.90
20240722071518,54.80,20.90
20240722071528,54.70,20.90
20240722071538,54.70,20.90
20240722071548,54.80,20.90
20240722071558,54.80,20.90
20240722071608,54.70,20.90
20240722071619,54.70,20.90
20240722071629,54.70,20.90
20240722071639,54.70,20.90
20240722071649,54.70,20.90
20240722071659,54.70,20.90
20240722071709,54.70,20.90
20240722071719,54.70,20.90
20240722071729,54.70,20.90
20240722071739,54.70,20.90
20240722071749,54.70,20.90
20240722071759,54.70,20.90
20240722071809,54.70,20.90
20240722071819,54.70,20.90
20240722071829,54.70,20.90
20240722071839,54.70,20.90
20240722071849,54.70,20.90
20240722071859,54.70,20.90
20240722071909,54.70,20.90
20240722071919,54.70,20.90
20240722071929,54.70,20.90
20240722071939,54.70,20.90
20240722071949,54.70,20.90
20240722071959,54.70,20.90
20240722072009,54.70,20.90
20240722072019,54.70,20.90
20240722072029,54.70,20.90
20240722072039,54.60,20.90
20240722072049,54.60,20.90
20240722072059,54.60,20.90
20240722072109,54.60,20.90
20240722072119,54.60,20.90
20240722072129,54.70,20.90
20240722072139,54.70,20.90
20240722072149,54.70,20.90
20240722072159,54.70,20.90
20240722072209,54.70,20.90
20240722072219,54.70,20.90
20240722072229,54.70,20.90
20240722072239,54.70,20.90
20240722072249,54.70,20.90
20240722072259,54.70,20.90
20240722072309,54.70,20.80
20240722072319,54.70,20.90
20240722072329,54.70,20.80
20240722072339,54.70,20.80
20240722072349,54.70,20.80
20240722072359,54.70,20.80
20240722072409,54.70,20.80
20240722072419,54.70,20.80
20240722072429,54.70,20.80
20240722072439,54.70,20.80
20240722072449,54.70,20.80
20240722072459,54.70,20.80
20240722072509,54.70,20.80
20240722072519,54.70,20.80
20240722072529,54.70,20.80
20240722072539,54.70,20.80
20240722072549,54.70,20.80
20240722072559,54.70,20.80
20240722072609,54.70,20.80
20240722072619,54.70,20.80
20240722072629,54.70,20.80
20240722072639,54.70,20.80
20240722072649,54.70,20.80
20240722072659,54.70,20.80
20240722072709,54.70,20.80
20240722072719,54.70,20.80
20240722072729,54.70,20.80
20240722072739,54.70,20.80
20240722072749,54.80,20.80
20240722072759,54.70,20.80
20240722072809,54.80,20.80
20240722072819,54.70,20.80
20240722072829,54.70,20.80
20240722072839,54.80,20.80
20240722072849,54.80,20.80
20240722072859,54.80,20.80
20240722072909,54.80,20.80
20240722072919,54.80,20.80
20240722072929,54.80,20.80
20240722072939,54.80,20.80
20240722072949,54.80,20.80
20240722072959,54.80,20.80
20240722073009,54.80,20.70
20240722073019,54.80,20.80
20240722073029,54.80,20.80
20240722073039,54.80,20.80
20240722073049,54.80,20.80
20240722073059,54.80,20.80
20240722073109,54.80,20.80
20240722073119,54.80,20.80
20240722073129,54.80,20.80
20240722073139,54.80,20.80
20240722073149,54.80,20.70
20240722073159,54.80,20.80
20240722073209,54.80,20.70
20240722073219,54.80,20.80
20240722073229,54.80,20.80
20240722073239,54.70,20.70
20240722073249,54.80,20.80
20240722073259,54.80,20.80
20240722073309,54.70,20.80
20240722073319,54.70,20.80
20240722073329,54.70,20.80
20240722073339,54.70,20.80
20240722073349,54.80,20.80
20240722073359,54.70,20.80
20240722073409,54.70,20.80
20240722073419,54.80,20.80
20240722073429,54.70,20.80
20240722073439,54.70,20.80
20240722073449,54.70,20.80
20240722073459,54.70,20.80
20240722073509,54.70,20.80
20240722073519,54.70,20.80
20240722073529,54.70,20.80
20240722073539,54.70,20.80
20240722073549,54.70,20.80
20240722073559,54.70,20.80
20240722073609,54.70,20.80
20240722073619,54.70,20.80
20240722073629,54.70,20.80
20240722073639,54.70,20.80
20240722073649,54.70,20.80
20240722073659,54.70,20.80
20240722073709,54.70,20.80
20240722073719,54.70,20.80
20240722073729,54.70,20.80
20240722073739,54.70,20.80
20240722073749,54.70,20.80
20240722073759,54.70,20.80
20240722073809,54.70,20.80
20240722073819,54.70,20.80
20240722073829,54.70,20.80
20240722073839,54.70,20.80
20240722073850,54.60,20.80
20240722073900,54.60,20.80
20240722073910,54.70,20.80
20240722073920,54.70,20.80
20240722073930,54.70,20.80
20240722073940,54.70,20.80
20240722073950,54.70,20.80
20240722074000,54.60,20.80
20240722074010,54.60,20.80
20240722074020,54.60,20.80
20240722074030,54.60,20.80
20240722074040,54.60,20.80
20240722074050,54.60,20.80
20240722074100,54.60,20.80
20240722074110,54.50,20.90
20240722074120,54.50,20.90
20240722074130,54.60,20.80
20240722074140,54.60,20.90
20240722074150,54.60,20.90
20240722074200,54.50,20.90
20240722074210,54.60,20.90
20240722074220,54.50,20.90
20240722074230,54.50,20.90
20240722074240,54.50,20.90
20240722074250,54.50,20.90
20240722074300,54.50,20.90
20240722074310,54.50,20.90
20240722074320,54.60,20.90
20240722074330,54.50,20.90
20240722074340,54.50,20.90
20240722074350,54.50,20.90
20240722074400,54.40,20.90
20240722074410,54.50,20.90
20240722074420,54.50,20.90
20240722074430,54.50,20.90
20240722074440,54.50,20.90
20240722074450,54.50,20.90
20240722074500,54.50,20.90
20240722074510,54.50,20.90
20240722074520,54.50,20.90
20240722074530,54.50,20.90
20240722074540,54.50,20.90
20240722074550,54.50,20.90
20240722074600,54.50,20.90
20240722074610,54.50,21.00
20240722074620,54.50,20.90
20240722074630,54.50,21.00
20240722074640,54.40,21.00
20240722074650,54.40,21.00
20240722074700,54.40,21.00
20240722074710,54.40,21.00
20240722074720,54.40,21.00
20240722074730,54.40,21.00
20240722074740,54.40,21.00
20240722074750,54.40,21.00
20240722074800,54.50,21.00
20240722074810,54.50,21.00
20240722074820,54.40,21.00
20240722074830,54.40,21.00
20240722074840,54.40,21.00
20240722074850,54.40,21.00
20240722074900,54.50,21.00
20240722074910,54.40,21.00
20240722074920,54.40,21.00
20240722074930,54.40,21.00
20240722074940,54.40,21.00
20240722074950,54.40,21.00
20240722075000,54.50,21.00
20240722075010,54.40,21.00
20240722075020,54.40,21.00
20240722075030,54.40,21.00
20240722075040,54.40,21.10
20240722075050,54.30,21.10
20240722075100,54.40,21.00
20240722075110,54.40,21.10
20240722075120,54.40,21.00
20240722075130,54.40,21.10
20240722075140,54.40,21.10
20240722075150,54.40,21.00
20240722075200,54.40,21.00
20240722075210,54.30,21.10
20240722075220,54.30,21.10
20240722075230,54.30,21.10
20240722075240,54.30,21.10
20240722075250,54.40,21.10
20240722075300,54.30,21.10
20240722075310,54.30,21.10
20240722075320,54.30,21.10
20240722075330,54.30,21.10
20240722075340,54.30,21.10
20240722075350,54.30,21.10
20240722075400,54.30,21.10
20240722075410,54.30,21.10
20240722075420,54.30,21.10
20240722075430,54.30,21.10
20240722075440,54.30,21.10
20240722075450,54.30,21.10
20240722075500,54.30,21.10
20240722075510,54.30,21.10
20240722075520,54.30,21.10
20240722075530,54.30,21.10
20240722075540,54.30,21.10
20240722075550,54.30,21.10
20240722075600,54.20,21.10
20240722075610,54.30,21.10
20240722075620,54.30,21.10
20240722075630,54.30,21.10
20240722075640,54.30,21.10
20240722075650,54.30,21.10
20240722075700,54.30,21.10
20240722075710,54.30,21.00
20240722075720,54.30,21.10
20240722075730,54.30,21.10
20240722075740,54.30,21.10
20240722075750,54.30,21.10
20240722075800,54.30,21.10
20240722075810,54.20,21.10
20240722075820,54.20,21.10
20240722075830,54.20,21.10
20240722075840,54.30,21.10
20240722075850,54.30,21.10
20240722075900,54.30,21.10
20240722075910,54.20,21.10
20240722075920,54.20,21.10
20240722075930,54.20,21.10
20240722075940,54.20,21.10
20240722075950,54.20,21.10
20240722080000,54.20,21.10
20240722080010,54.20,21.10
20240722080020,54.10,21.10
20240722080030,54.10,21.10
20240722080040,54.00,21.10
20240722080050,54.10,21.10
20240722080100,54.10,21.10
20240722080110,54.20,21.10
20240722080121,54.20,21.10
20240722080131,54.10,21.10
20240722080141,54.20,21.10
20240722080151,54.20,21.10
20240722080201,54.20,21.10
20240722080211,54.10,21.10
20240722080221,54.10,21.10
20240722080231,54.10,21.10
20240722080241,54.10,21.10
20240722080251,54.10,21.10
20240722080301,54.00,21.10
20240722080311,54.10,21.10
20240722080321,54.10,21.10
20240722080331,54.10,21.10
20240722080341,54.10,21.10
20240722080351,54.10,21.10
20240722080401,54.10,21.10
20240722080411,54.10,21.10
20240722080421,54.10,21.10
20240722080431,54.10,21.10
20240722080441,54.10,21.10
20240722080451,54.00,21.10
20240722080501,54.00,21.10
20240722080511,54.00,21.10
20240722080521,54.00,21.10
20240722080531,54.00,21.10
20240722080541,54.10,21.10
20240722080551,54.10,21.10
20240722080601,54.10,21.10
20240722080611,54.10,21.10
20240722080621,54.10,21.10
20240722080631,54.20,21.10
20240722080641,54.20,21.10
20240722080651,54.20,21.10
20240722080701,54.10,21.10
20240722080711,54.10,21.10
20240722080721,54.00,21.10
20240722080731,54.10,21.10
20240722080741,54.10,21.10
20240722080751,54.00,21.10
20240722080801,54.00,21.10
20240722080811,54.00,21.10
20240722080821,54.00,21.10
20240722080831,54.00,21.10
20240722080841,54.00,21.10
20240722080851,54.00,21.00
20240722080901,53.90,21.10
20240722080911,53.90,21.10
20240722080921,53.90,21.10
20240722080931,53.90,21.10
20240722080941,54.00,21.10
20240722080951,54.00,21.10
20240722081001,54.00,21.00
20240722081011,54.00,21.00
20240722081021,54.00,21.10
20240722081031,54.00,21.00
20240722081041,54.00,21.00
20240722081051,53.90,21.00
20240722081101,53.90,21.00
20240722081111,53.90,21.10
20240722081121,53.90,21.00
20240722081131,54.00,21.00
20240722081141,54.00,21.00
20240722081151,54.00,21.00
20240722081201,54.00,21.00
20240722081211,54.00,21.00
20240722081221,54.00,21.00
20240722081231,54.00,21.00
20240722081241,54.00,21.00
20240722081251,54.00,21.00
20240722081301,54.00,21.00
20240722081311,54.00,21.00
20240722081321,54.00,21.00
20240722081331,53.90,21.00
20240722081341,54.00,21.00
20240722081351,53.90,21.00
20240722081401,54.00,21.00
20240722081411,54.00,21.00
20240722081421,54.00,21.00
20240722081431,54.00,21.00
20240722081441,54.00,21.00
20240722081451,54.00,21.00
20240722081501,54.00,21.00
20240722081511,54.00,21.00
20240722081521,54.00,21.00
20240722081531,54.00,21.00
20240722081541,54.00,21.00
20240722081551,54.00,21.00
20240722081601,54.00,21.00
20240722081611,54.00,21.10
20240722081621,54.00,21.10
20240722081631,54.00,21.00
20240722081641,54.00,21.00
20240722081651,54.00,21.10
20240722081701,54.00,21.10
20240722081711,54.00,21.10
20240722081721,54.00,21.10
20240722081731,54.00,21.10
20240722081741,54.00,21.10
20240722081751,54.00,21.10
20240722081801,54.00,21.10
20240722081811,54.00,21.10
20240722081821,54.00,21.10
20240722081831,54.00,21.10
20240722081841,54.00,21.10
20240722081851,54.10,21.10
20240722081901,54.10,21.00
20240722081911,54.10,21.10
20240722081921,54.10,21.00
20240722081931,54.10,21.10
20240722081941,54.10,21.00
20240722081951,54.10,21.10
20240722082001,54.10,21.10
20240722082011,54.10,21.10
20240722082021,54.10,21.10
20240722082031,54.10,21.10
20240722082041,54.10,21.10
20240722082051,54.10,21.10
20240722082101,54.10,21.10
20240722082111,54.10,21.10
20240722082121,54.10,21.10
20240722082131,54.50,21.10
20240722082141,54.30,21.10
20240722082151,54.20,21.10
20240722082201,54.30,21.10
20240722082211,54.30,21.10
20240722082221,54.30,21.10
20240722082231,54.20,21.10
20240722082241,54.20,21.10
20240722082251,54.40,21.10
